IUPAC,Active,SMILES
"7-[(4aS,7aS)-octahydro-1H-pyrrolo[3,4-b]pyridin-6-yl]-1-cyclopropyl-6-fluoro-8-methoxy-4-oxo-1,4-dihydroquinoline-3-carboxylic acid",1,COc1c(N2C[C@@H]3CCCN[C@@H]3C2)c(F)cc2c(=O)c(C(=O)O)cn(C3CC3)c12
"(6R,7R)-7-[(2Z)-2-(2-amino-1,3-thiazol-4-yl)-2-[(carboxymethoxy)imino]acetamido]-3-ethenyl-8-oxo-5-thia-1-azabicyclo[4.2.0]oct-2-ene-2-carboxylic acid",1,C=CC1=C(C(=O)O)N2C(=O)[C@@H](NC(=O)/C(=N\OCC(=O)O)c3csc(N)n3)[C@H]2SC1
"N-{4-[2-(pyridin-3-yl)-1,3-thiazol-4-yl]phenyl}acetamide",0,CC(=O)Nc1ccc(-c2csc(-c3cccnc3)n2)cc1
"N-[2-(2-{[(1S)-5-amino-1-[(1-{[2-(2-{[(1S)-1-({1-[(2-{2-[({[(2S)-6-amino-1-(2-{[(1S)-5-amino-1-{[(1S)-5-amino-1-{[(1S)-5-amino-1-{[(1S)-5-amino-1-carbamoylpentyl]carbamoyl}pentyl]carbamoyl}pentyl]carb
amoyl}pentyl]carbamoyl}-octahydro-1H-indol-1-yl)-1-oxohexan-2-yl]carbamoyl}methyl)carbamoyl]-octahydro-1H-indol-1-yl}-2-oxoethyl)carbamoyl]cyclohexyl}carbamoyl)-2-phenylethyl]carbamoyl}-octahydro-1H-i
ndol-1-yl)-2-oxoethyl]carbamoyl}cyclohexyl)carbamoyl]pentyl]carbamoyl}-octahydro-1H-indol-1-yl)-2-oxoethyl]-1-[(2S)-2-(2-acetamidoacetamido)-3-phenylpropanamido]cyclohexane-1-carboxamide",0,CC(=O)NCC(=O)N[C@@H](Cc1ccccc1)C(=O)NC1(C(=O)NCC(=O)N2C(C(=O)N[C@@H](CCCCN)C(=O)NC3(C(=O)NCC(=O)N4C(C(=O)N[C@@H](Cc5ccccc5)C(=O)NC5(C(=O)NCC(=O)N6C(C(=O)NCC(=O)N[C@@H](CCCCN)C(=O)N7C(C(=O)N[C@@H](CCCCN)C(=O)N[C@@H](CCCCN)C(=O)N[C@@H](CCCCN)C(=O)N[C@@H](CCCCN)C(N)=O)CC8CCCCC87)CC7CCCCC76)CCCCC5)CC5CCCCC54)CCCCC3)CC3CCCCC32)CCCCC1
"N-[2-(3-{[(1S)-5-amino-1-[(1-{[2-(3-{[(1S)-1-({1-[(2-{3-[({[(2S)-6-amino-1-(3-{[(1S)-5-amino-1-{[(1S)-5-amino-1-{[(1S)-5-amino-1-{[(1S)-5-amino-1-carbamoylpentyl]carbamoyl}pentyl]carbamoyl}pentyl]carb
amoyl}pentyl]carbamoyl}-1,2,3,4-tetrahydroisoquinolin-2-yl)-1-oxohexan-2-yl]carbamoyl}methyl)carbamoyl]-1,2,3,4-tetrahydroisoquinolin-2-yl}-2-oxoethyl)carbamoyl]cyclohexyl}carbamoyl)-2-phenylethyl]car
bamoyl}-1,2,3,4-tetrahydroisoquinolin-2-yl)-2-oxoethyl]carbamoyl}cyclohexyl)carbamoyl]pentyl]carbamoyl}-1,2,3,4-tetrahydroisoquinolin-2-yl)-2-oxoethyl]-1-[(2S)-2-(2-acetamidoacetamido)-3-phenylpropana
mido]cyclohexane-1-carboxamide",0,CC(=O)NCC(=O)N[C@@H](Cc1ccccc1)C(=O)NC1(C(=O)NCC(=O)N2Cc3ccccc3CC2C(=O)N[C@@H](CCCCN)C(=O)NC2(C(=O)NCC(=O)N3Cc4ccccc4CC3C(=O)N[C@@H](Cc3ccccc3)C(=O)NC3(C(=O)NCC(=O)N4Cc5ccccc5CC4C(=O)NCC(=O)N[C@@H](CCCCN)C(=O)N4Cc5ccccc5CC4C(=O)N[C@@H](CCCCN)C(=O)N[C@@H](CCCCN)C(=O)N[C@@H](CCCCN)C(=O)N[C@@H](CCCCN)C(N)=O)CCCCC3)CCCCC2)CCCCC1
"(2S)-6-amino-N-[(1S)-5-amino-1-{[(1S)-5-amino-1-{[(1S)-5-amino-1-carbamoylpentyl]carbamoyl}pentyl]carbamoyl}pentyl]-2-({1-[(2S)-6-amino-2-[2-({1-[2-({1-[(2S)-2-({1-[2-({1-[(2S)-6-amino-2-({1-[2-({1-[(
2S)-2-(2-acetamidoacetamido)-3-phenylpropanamido]cyclopentyl}formamido)acetamido]cyclopentyl}formamido)hexanamido]cyclopentyl}formamido)acetamido]cyclopentyl}formamido)-3-phenylpropanamido]cyclopentyl
}formamido)acetamido]cyclopentyl}formamido)acetamido]hexanamido]cyclopentyl}formamido)hexanamide",0,CC(=O)NCC(=O)N[C@@H](Cc1ccccc1)C(=O)NC1(C(=O)NCC(=O)NC2(C(=O)N[C@@H](CCCCN)C(=O)NC3(C(=O)NCC(=O)NC4(C(=O)N[C@@H](Cc5ccccc5)C(=O)NC5(C(=O)NCC(=O)NC6(C(=O)NCC(=O)N[C@@H](CCCCN)C(=O)NC7(C(=O)N[C@@H](CCCCN)C(=O)N[C@@H](CCCCN)C(=O)N[C@@H](CCCCN)C(=O)N[C@@H](CCCCN)C(N)=O)CCCC7)CCCC6)CCCC5)CCCC4)CCCC3)CCCC2)CCCC1
"3-amino-N-[2-amino-1-({2-amino-1-[(2-amino-1-carbamoylethyl)carbamoyl]ethyl}carbamoyl)ethyl]-2-[(1-{3-amino-2-[2-({1-[2-({1-[(2S)-2-({1-[2-({1-[3-amino-2-({1-[2-({1-[(2S)-2-(2-acetamidoacetamido)-3-ph
enylpropanamido]cyclohexyl}formamido)acetamido]cyclohexyl}formamido)propanamido]cyclohexyl}formamido)acetamido]cyclohexyl}formamido)-3-phenylpropanamido]cyclohexyl}formamido)acetamido]cyclohexyl}forma
mido)acetamido]propanamido}cyclohexyl)formamido]propanamide",0,CC(=O)NCC(=O)N[C@@H](Cc1ccccc1)C(=O)NC1(C(=O)NCC(=O)NC2(C(=O)NC(CN)C(=O)NC3(C(=O)NCC(=O)NC4(C(=O)N[C@@H](Cc5ccccc5)C(=O)NC5(C(=O)NCC(=O)NC6(C(=O)NCC(=O)NC(CN)C(=O)NC7(C(=O)NC(CN)C(=O)NC(CN)C(=O)NC(CN)C(=O)NC(CN)C(N)=O)CCCCC7)CCCCC6)CCCCC5)CCCCC4)CCCCC3)CCCCC2)CCCCC1
"(2S)-5-carbamimidamido-N-[(1S)-4-carbamimidamido-1-{[(1S)-4-carbamimidamido-1-{[(1S)-4-carbamimidamido-1-carbamoylbutyl]carbamoyl}butyl]carbamoyl}butyl]-2-({1-[(2S)-5-carbamimidamido-2-[2-({1-[2-({1-[
(2S)-2-({1-[2-({1-[(2S)-5-carbamimidamido-2-({1-[2-({1-[(2S)-2-(2-acetamidoacetamido)-3-phenylpropanamido]cyclopentyl}formamido)acetamido]cyclopentyl}formamido)pentanamido]cyclopentyl}formamido)acetam
ido]cyclopentyl}formamido)-3-phenylpropanamido]cyclopentyl}formamido)acetamido]cyclopentyl}formamido)acetamido]pentanamido]cyclopentyl}formamido)pentanamide",0,CC(=O)NCC(=O)N[C@@H](Cc1ccccc1)C(=O)NC1(C(=O)NCC(=O)NC2(C(=O)N[C@@H](CCCNC(=N)N)C(=O)NC3(C(=O)NCC(=O)NC4(C(=O)N[C@@H](Cc5ccccc5)C(=O)NC5(C(=O)NCC(=O)NC6(C(=O)NCC(=O)N[C@@H](CCCNC(=N)N)C(=O)NC7(C(=O)N[C@@H](CCCNC(=N)N)C(=O)N[C@@H](CCCNC(=N)N)C(=O)N[C@@H](CCCNC(=N)N)C(=O)N[C@@H](CCCNC(=N)N)C(N)=O)CCCC7)CCCC6)CCCC5)CCCC4)CCCC3)CCCC2)CCCC1
"(2S)-6-amino-N-[(1S)-5-amino-1-{[(1S)-5-amino-1-{[(1S)-5-amino-1-carbamoylpentyl]carbamoyl}pentyl]carbamoyl}pentyl]-2-({1-[(2S)-6-amino-2-[2-({1-[2-({1-[(2S)-2-({1-[2-({1-[(2S)-6-amino-2-({1-[2-({1-[(
2S)-2-(2-acetamidoacetamido)-3-phenylpropanamido]cyclopentyl}formamido)acetamido]cyclohexyl}formamido)hexanamido]cyclopentyl}formamido)acetamido]cyclohexyl}formamido)-3-phenylpropanamido]cyclopentyl}f
ormamido)acetamido]cyclohexyl}formamido)acetamido]hexanamido]cyclopentyl}formamido)hexanamide",0,CC(=O)NCC(=O)N[C@@H](Cc1ccccc1)C(=O)NC1(C(=O)NCC(=O)NC2(C(=O)N[C@@H](CCCCN)C(=O)NC3(C(=O)NCC(=O)NC4(C(=O)N[C@@H](Cc5ccccc5)C(=O)NC5(C(=O)NCC(=O)NC6(C(=O)NCC(=O)N[C@@H](CCCCN)C(=O)NC7(C(=O)N[C@@H](CCCCN)C(=O)N[C@@H](CCCCN)C(=O)N[C@@H](CCCCN)C(=O)N[C@@H](CCCCN)C(N)=O)CCCC7)CCCCC6)CCCC5)CCCCC4)CCCC3)CCCCC2)CCCC1
"(2E)-N-[(1S)-2-(3,5-difluorophenyl)-1-{[(3S,9S,13S,15R,19S,22S)-19-ethyl-15-methyl-2,8,12,18,21-pentaoxo-11-oxa-1,7,17,20-tetraazapentacyclo[20.8.0.0³,⁷.0¹³,¹⁷.0²³,²⁸]triaconta-23,25,27-t
rien-9-yl]carbamoyl}ethyl]hept-2-enamide",1,CCCC/C=C/C(=O)N[C@@H](Cc1cc(F)cc(F)c1)C(=O)N[C@H]1COC(=O)[C@@H]2C[C@@H](C)CN2C(=O)[C@H](CC)NC(=O)[C@@H]2c3ccccc3CCN2C(=O)[C@@H]2CCCN2C1=O
"(2E)-N-[(1S)-2-(3,5-difluorophenyl)-1-{[(3S,9S,13S,15R,19S,22S)-15,19-dimethyl-2,8,12,18,21-pentaoxo-1,7,11,17,20-pentaazatetracyclo[20.4.0.0³,⁷.0¹³,¹⁷]hexacosan-9-yl]carbamoyl}ethyl]hept-2-en
amide",1,CCCC/C=C/C(=O)N[C@@H](Cc1cc(F)cc(F)c1)C(=O)N[C@H]1CNC(=O)[C@@H]2C[C@@H](C)CN2C(=O)[C@H](C)NC(=O)[C@@H]2CCCCN2C(=O)[C@@H]2CCCN2C1=O
"(2E)-N-[(1S)-2-(3,5-difluorophenyl)-1-{[(3S,9S,10S,13S,19S,22S)-10,19-dimethyl-2,8,12,18,21-pentaoxo-11-oxa-1,7,17,20-tetraazatetracyclo[20.4.0.0³,⁷.0¹³,¹⁷]hexacosan-9-yl]carbamoyl}ethyl]hept-
2-enamide",1,CCCC/C=C/C(=O)N[C@@H](Cc1cc(F)cc(F)c1)C(=O)N[C@@H]1C(=O)N2CCC[C@H]2C(=O)N2CCCC[C@H]2C(=O)N[C@@H](C)C(=O)N2CCC[C@H]2C(=O)O[C@H]1C
"(2E)-N-[(1S)-1-{[(3S,9S,13S,15R,19S,22S)-19-ethyl-15-methyl-2,8,12,18,21-pentaoxo-11-oxa-1,7,17,20-tetraazatetracyclo[20.4.0.0³,⁷.0¹³,¹⁷]hexacosan-9-yl]carbamoyl}-2-(naphthalen-2-yl)ethyl]hept
-2-enamide",0,CCCC/C=C/C(=O)N[C@@H](Cc1ccc2ccccc2c1)C(=O)N[C@H]1COC(=O)[C@@H]2C[C@@H](C)CN2C(=O)[C@H](CC)NC(=O)[C@@H]2CCCCN2C(=O)[C@@H]2CCCN2C1=O
"(2E)-N-[(1S)-2-(3,5-difluorophenyl)-1-{[(3S,9S,13S,15R,19S,22S)-15-methyl-2,8,12,18,21-pentaoxo-19-propyl-11-oxa-1,7,17,20-tetraazatetracyclo[20.4.0.0³,⁷.0¹³,¹⁷]hexacosan-9-yl]carbamoyl}ethyl]
hept-2-enamide",1,CCCC/C=C/C(=O)N[C@@H](Cc1cc(F)cc(F)c1)C(=O)N[C@H]1COC(=O)[C@@H]2C[C@@H](C)CN2C(=O)[C@H](CCC)NC(=O)[C@@H]2CCCCN2C(=O)[C@@H]2CCCN2C1=O
"(2E)-N-[(1S)-2-(3,5-difluorophenyl)-1-{[(3S,9S,10S,13S,15R,19S,22S,24S)-10,15,19,24-tetramethyl-2,8,12,18,21-pentaoxo-11-oxa-1,7,17,20-tetraazatetracyclo[20.4.0.0³,⁷.0¹³,¹⁷]hexacosan-9-yl]carb
amoyl}ethyl]hept-2-enamide",1,CCCC/C=C/C(=O)N[C@@H](Cc1cc(F)cc(F)c1)C(=O)N[C@@H]1C(=O)N2CCC[C@H]2C(=O)N2CC[C@H](C)C[C@H]2C(=O)N[C@@H](C)C(=O)N2C[C@H](C)C[C@H]2C(=O)O[C@H]1C
"(2E)-N-[(1S)-2-cyclohexyl-1-{[(3S,9S,13S,15R,19S,22S)-19-ethyl-15-methyl-2,8,12,18,21-pentaoxo-11-oxa-1,7,17,20-tetraazatetracyclo[20.4.0.0³,⁷.0¹³,¹⁷]hexacosan-9-yl]carbamoyl}ethyl]hept-2-enam
ide",0,CCCC/C=C/C(=O)N[C@@H](CC1CCCCC1)C(=O)N[C@H]1COC(=O)[C@@H]2C[C@@H](C)CN2C(=O)[C@H](CC)NC(=O)[C@@H]2CCCCN2C(=O)[C@@H]2CCCN2C1=O
"(2E)-N-[(1S)-2-(3,5-difluorophenyl)-1-{[(1S,7S,10S,14R,16S,20S)-10-ethyl-14-methyl-2,8,11,17,21-pentaoxo-18-oxa-3,9,12,22-tetraazatetracyclo[20.3.0.0³,⁷.0¹²,¹⁶]pentacosan-20-yl]carbamoyl}ethyl
]hept-2-enamide",1,CCCC/C=C/C(=O)N[C@@H](Cc1cc(F)cc(F)c1)C(=O)N[C@H]1COC(=O)[C@@H]2C[C@@H](C)CN2C(=O)[C@H](CC)NC(=O)[C@@H]2CCCN2C(=O)[C@@H]2CCCN2C1=O
"(2E)-N-[(1S)-2-(3,5-difluorophenyl)-1-{[(3S,9S,10S,13S,19S,22S,24S)-10,19,24-trimethyl-2,8,12,18,21-pentaoxo-11-oxa-1,7,17,20-tetraazatetracyclo[20.4.0.0³,⁷.0¹³,¹⁷]hexacosan-9-yl]carbamoyl}eth
yl]hept-2-enamide",1,CCCC/C=C/C(=O)N[C@@H](Cc1cc(F)cc(F)c1)C(=O)N[C@@H]1C(=O)N2CCC[C@H]2C(=O)N2CC[C@H](C)C[C@H]2C(=O)N[C@@H](C)C(=O)N2CCC[C@H]2C(=O)O[C@H]1C
"(2E)-4-cyclohexyl-N-[(1S)-2-(3,5-difluorophenyl)-1-{[(3S,9S,10S,13S,15R,19S,22S)-10,15,19-trimethyl-2,8,12,18,21-pentaoxo-11-oxa-1,7,17,20-tetraazatetracyclo[20.4.0.0³,⁷.0¹³,¹⁷]hexacosan-9-yl]
carbamoyl}ethyl]but-2-enamide",1,C[C@@H]1C[C@H]2C(=O)O[C@@H](C)[C@H](NC(=O)[C@H](Cc3cc(F)cc(F)c3)NC(=O)/C=C/CC3CCCCC3)C(=O)N3CCC[C@H]3C(=O)N3CCCC[C@H]3C(=O)N[C@@H](C)C(=O)N2C1
"(2E)-4-cyclopropyl-N-[(1S)-2-(3,5-difluorophenyl)-1-{[(3S,9S,10S,13S,15R,19S,22S)-10,15,19-trimethyl-2,8,12,18,21-pentaoxo-11-oxa-1,7,17,20-tetraazatetracyclo[20.4.0.0³,⁷.0¹³,¹⁷]hexacosan-9-yl
]carbamoyl}ethyl]but-2-enamide",1,C[C@@H]1C[C@H]2C(=O)O[C@@H](C)[C@H](NC(=O)[C@H](Cc3cc(F)cc(F)c3)NC(=O)/C=C/CC3CC3)C(=O)N3CCC[C@H]3C(=O)N3CCCC[C@H]3C(=O)N[C@@H](C)C(=O)N2C1
"(2E)-N-[(1S)-2-(3,5-difluorophenyl)-1-{[(3S,9S,10S,13S,15R,19S,22S)-10,15,19-trimethyl-2,8,12,18,21-pentaoxo-11-oxa-1,7,17,20-tetraazatetracyclo[20.4.0.0³,⁷.0¹³,¹⁷]hexacosan-9-yl]carbamoyl}eth
yl]hept-2-enamide",1,CCCC/C=C/C(=O)N[C@@H](Cc1cc(F)cc(F)c1)C(=O)N[C@@H]1C(=O)N2CCC[C@H]2C(=O)N2CCCC[C@H]2C(=O)N[C@@H](C)C(=O)N2C[C@H](C)C[C@H]2C(=O)O[C@H]1C
"(2E)-N-[(1S)-2-(3,5-difluorophenyl)-1-{[(3S,9S,13S,15R,19S,22S,24S)-15,19,24-trimethyl-2,8,12,18,21-pentaoxo-11-oxa-1,7,17,20-tetraazatetracyclo[20.4.0.0³,⁷.0¹³,¹⁷]hexacosan-9-yl]carbamoyl}eth
yl]hept-2-enamide",1,CCCC/C=C/C(=O)N[C@@H](Cc1cc(F)cc(F)c1)C(=O)N[C@H]1COC(=O)[C@@H]2C[C@@H](C)CN2C(=O)[C@H](C)NC(=O)[C@@H]2C[C@@H](C)CCN2C(=O)[C@@H]2CCCN2C1=O
"(2E)-N-[(1S)-2-(3,5-difluorophenyl)-1-{[(3S,9S,13S,15R,19S,22S)-15,19-dimethyl-2,8,12,18,21-pentaoxo-11-oxa-1,7,17,20-tetraazatetracyclo[20.4.0.0³,⁷.0¹³,¹⁷]hexacosan-9-yl]carbamoyl}ethyl]hept-
2-enamide",1,CCCC/C=C/C(=O)N[C@@H](Cc1cc(F)cc(F)c1)C(=O)N[C@H]1COC(=O)[C@@H]2C[C@@H](C)CN2C(=O)[C@H](C)NC(=O)[C@@H]2CCCCN2C(=O)[C@@H]2CCCN2C1=O
"(2E)-N-[(1S)-2-(1-benzothiophen-3-yl)-1-{[(3S,9S,13S,15R,19S,22S)-19-ethyl-15-methyl-2,8,12,18,21-pentaoxo-11-oxa-1,7,17,20-tetraazatetracyclo[20.4.0.0³,⁷.0¹³,¹⁷]hexacosan-9-yl]carbamoyl}ethyl
]hept-2-enamide",0,CCCC/C=C/C(=O)N[C@@H](Cc1csc2ccccc12)C(=O)N[C@H]1COC(=O)[C@@H]2C[C@@H](C)CN2C(=O)[C@H](CC)NC(=O)[C@@H]2CCCCN2C(=O)[C@@H]2CCCN2C1=O
"(2E,4E)-N-[(1S)-2-(3,5-difluorophenyl)-1-{[(3S,9S,10S,13S,15R,19S,22S)-10,15,19-trimethyl-2,8,12,18,21-pentaoxo-11-oxa-1,7,17,20-tetraazatetracyclo[20.4.0.0³,⁷.0¹³,¹⁷]hexacosan-9-yl]carbamoyl}
ethyl]octa-2,4-dienamide",1,CCC/C=C/C=C/C(=O)N[C@@H](Cc1cc(F)cc(F)c1)C(=O)N[C@@H]1C(=O)N2CCC[C@H]2C(=O)N2CCCC[C@H]2C(=O)N[C@@H](C)C(=O)N2C[C@H](C)C[C@H]2C(=O)O[C@H]1C
"(2E)-N-[(1S)-1-{[(3S,9S,13S,15R,19S,22S)-19-ethyl-15-methyl-2,8,12,18,21-pentaoxo-11-oxa-1,7,17,20-tetraazatetracyclo[20.4.0.0³,⁷.0¹³,¹⁷]hexacosan-9-yl]carbamoyl}-2-(2,3,4,5,6-pentafluoropheny
l)ethyl]hept-2-enamide",0,CCCC/C=C/C(=O)N[C@@H](Cc1c(F)c(F)c(F)c(F)c1F)C(=O)N[C@H]1COC(=O)[C@@H]2C[C@@H](C)CN2C(=O)[C@H](CC)NC(=O)[C@@H]2CCCCN2C(=O)[C@@H]2CCCN2C1=O
"(6E)-7-{[(1S)-2-(3,5-difluorophenyl)-1-{[(3S,9S,10S,13S,15R,19S,22S)-10,15,19-trimethyl-2,8,12,18,21-pentaoxo-11-oxa-1,7,17,20-tetraazatetracyclo[20.4.0.0³,⁷.0¹³,¹⁷]hexacosan-9-yl]carbamoyl}et
hyl]carbamoyl}hept-6-enoic acid",1,C[C@@H]1C[C@H]2C(=O)O[C@@H](C)[C@H](NC(=O)[C@H](Cc3cc(F)cc(F)c3)NC(=O)/C=C/CCCCC(=O)O)C(=O)N3CCC[C@H]3C(=O)N3CCCC[C@H]3C(=O)N[C@@H](C)C(=O)N2C1
"(2E)-N-[(1S)-2-(3,5-difluorophenyl)-1-{[(3S,7S,9R,13S,16S,19S)-13-ethyl-9,16,17-trimethyl-2,6,12,15,18-pentaoxo-5-oxa-1,11,14,17-tetraazatricyclo[17.3.0.0⁷,¹¹]docosan-3-yl]carbamoyl}ethyl]hept-2-e
namide",1,CCCC/C=C/C(=O)N[C@@H](Cc1cc(F)cc(F)c1)C(=O)N[C@H]1COC(=O)[C@@H]2C[C@@H](C)CN2C(=O)[C@H](CC)NC(=O)[C@H](C)N(C)C(=O)[C@@H]2CCCN2C1=O
"(2E,4E)-N-[(1S)-2-phenyl-1-{[(3S,7S,9R,13S,16S,19S)-9,13,16,17-tetramethyl-2,6,12,15,18-pentaoxo-5-oxa-1,11,14,17-tetraazatricyclo[17.3.0.0⁷,¹¹]docosan-3-yl]carbamoyl}ethyl]octa-2,4-dienamide",1,CCC/C=C/C=C/C(=O)N[C@@H](Cc1ccccc1)C(=O)N[C@H]1COC(=O)[C@@H]2C[C@@H](C)CN2C(=O)[C@H](C)NC(=O)[C@H](C)N(C)C(=O)[C@@H]2CCCN2C1=O
16-[(1-methyl-5-nitro-1H-imidazol-2-yl)sulfanyl]hexadecanoic acid,0,Cn1c([N+](=O)[O-])cnc1SCCCCCCCCCCCCCCCC(=O)O
12-[(1-methyl-5-nitro-1H-imidazol-2-yl)sulfanyl]dodecanoic acid,0,Cn1c([N+](=O)[O-])cnc1SCCCCCCCCCCCC(=O)O
methyl 11-[(1-methyl-5-nitro-1H-imidazol-2-yl)sulfonyl]undecanoate,0,COC(=O)CCCCCCCCCCS(=O)(=O)c1ncc([N+](=O)[O-])n1C
methyl 11-[(1-methyl-5-nitro-1H-imidazol-2-yl)sulfinyl]undecanoate,0,COC(=O)CCCCCCCCCC[S+]([O-])c1ncc([N+](=O)[O-])n1C
methyl 11-[(1-methyl-5-nitro-1H-imidazol-2-yl)sulfanyl]undecanoate,0,COC(=O)CCCCCCCCCCSc1ncc([N+](=O)[O-])n1C
11-[(1-methyl-5-nitro-1H-imidazol-2-yl)sulfinyl]undecanoic acid,0,Cn1c([N+](=O)[O-])cnc1[S+]([O-])CCCCCCCCCCC(=O)O
11-[(1-methyl-5-nitro-1H-imidazol-2-yl)sulfanyl]undecanoic acid,1,Cn1c([N+](=O)[O-])cnc1SCCCCCCCCCCC(=O)O
11-[(1-methyl-1H-imidazol-2-yl)sulfanyl]undecanoic acid hydrobromide,0,Cn1ccnc1SCCCCCCCCCCC(=O)O
10-[(1-methyl-5-nitro-1H-imidazol-2-yl)sulfanyl]decanoic acid,1,Cn1c([N+](=O)[O-])cnc1SCCCCCCCCCC(=O)O
9-[(1-methyl-5-nitro-1H-imidazol-2-yl)sulfanyl]nonanoic acid,1,Cn1c([N+](=O)[O-])cnc1SCCCCCCCCC(=O)O
8-[(1-methyl-5-nitro-1H-imidazol-2-yl)sulfanyl]octanoic acid,1,Cn1c([N+](=O)[O-])cnc1SCCCCCCCC(=O)O
7-[(1-methyl-4-nitro-1H-imidazol-2-yl)sulfanyl]heptanoic acid,0,Cn1cc([N+](=O)[O-])nc1SCCCCCCC(=O)O
7-[(1-methyl-5-nitro-1H-imidazol-2-yl)sulfanyl]heptanoic acid,1,Cn1c([N+](=O)[O-])cnc1SCCCCCCC(=O)O
6-[(1-methyl-5-nitro-1H-imidazol-2-yl)sulfanyl]hexanoic acid,1,Cn1c([N+](=O)[O-])cnc1SCCCCCC(=O)O
5-[(1-methyl-5-nitro-1H-imidazol-2-yl)sulfonyl]pentanoic acid,0,Cn1c([N+](=O)[O-])cnc1S(=O)(=O)CCCCC(=O)O
5-[(1-methyl-5-nitro-1H-imidazol-2-yl)sulfinyl]pentanoic acid,0,Cn1c([N+](=O)[O-])cnc1[S+]([O-])CCCCC(=O)O
5-[(1-methyl-5-nitro-1H-imidazol-2-yl)sulfanyl]pentanoic acid,1,Cn1c([N+](=O)[O-])cnc1SCCCCC(=O)O
3-[(1-methyl-5-nitro-1H-imidazol-2-yl)sulfonyl]propanoic acid,0,Cn1c([N+](=O)[O-])cnc1S(=O)(=O)CCC(=O)O
3-[(1-methyl-5-nitro-1H-imidazol-2-yl)sulfinyl]propanoic acid,0,Cn1c([N+](=O)[O-])cnc1[S+]([O-])CCC(=O)O
3-[(1-methyl-5-nitro-1H-imidazol-2-yl)sulfanyl]propanoic acid,0,Cn1c([N+](=O)[O-])cnc1SCCC(=O)O
ethyl 4-({10-[(1-methyl-5-nitro-1H-imidazol-2-yl)sulfanyl]decyl}oxy)-3-nitrobenzoate,0,CCOC(=O)c1ccc(OCCCCCCCCCCSc2ncc([N+](=O)[O-])n2C)c([N+](=O)[O-])c1
1-methyl-5-nitro-2-[7-(2-nitrophenoxy)heptanesulfonyl]-1H-imidazole,0,Cn1c([N+](=O)[O-])cnc1S(=O)(=O)CCCCCCCOc1ccccc1[N+](=O)[O-]
1-methyl-5-nitro-2-[7-(2-nitrophenoxy)heptanesulfinyl]-1H-imidazole,0,Cn1c([N+](=O)[O-])cnc1[S+]([O-])CCCCCCCOc1ccccc1[N+](=O)[O-]
1-methyl-5-nitro-2-{[7-(2-nitrophenoxy)heptyl]sulfanyl}-1H-imidazole,0,Cn1c([N+](=O)[O-])cnc1SCCCCCCCOc1ccccc1[N+](=O)[O-]
ethyl 4-({6-[(1-methyl-5-nitro-1H-imidazol-2-yl)sulfanyl]hexyl}oxy)-3-nitrobenzoate,0,CCOC(=O)c1ccc(OCCCCCCSc2ncc([N+](=O)[O-])n2C)c([N+](=O)[O-])c1
4-({6-[(1-methyl-5-nitro-1H-imidazol-2-yl)sulfanyl]hexyl}oxy)benzoic acid,1,Cn1c([N+](=O)[O-])cnc1SCCCCCCOc1ccc(C(=O)O)cc1
4-{4-[(1-methyl-5-nitro-1H-imidazol-2-yl)sulfanyl]butoxy}benzoic acid,0,Cn1c([N+](=O)[O-])cnc1SCCCCOc1ccc(C(=O)O)cc1
ethyl 4-{4-[(1-methyl-1H-imidazol-2-yl)sulfanyl]butoxy}benzoate,0,CCOC(=O)c1ccc(OCCCCSc2nccn2C)cc1
1-methyl-2-[(4-phenoxybutyl)sulfanyl]-1H-imidazole hydrobromide,0,Cn1ccnc1SCCCCOc1ccccc1
4-{3-[(1-methyl-5-nitro-1H-imidazol-2-yl)sulfanyl]propoxy}benzoic acid,1,Cn1c([N+](=O)[O-])cnc1SCCCOc1ccc(C(=O)O)cc1
sodium 4-{2-[(1-methyl-5-nitro-1H-imidazol-2-yl)sulfanyl]ethoxy}benzoic acid,1,Cn1c([N+](=O)[O-])cnc1SCCOc1ccc(C(=O)[O-])cc1
4-{2-[(1-methyl-5-nitro-1H-imidazol-2-yl)sulfinyl]ethoxy}benzoic acid,0,Cn1c([N+](=O)[O-])cnc1[S+]([O-])CCOc1ccc(C(=O)O)cc1
4-{2-[(1-methyl-5-nitro-1H-imidazol-2-yl)sulfanyl]ethoxy}benzoic acid,1,Cn1c([N+](=O)[O-])cnc1SCCOc1ccc(C(=O)O)cc1
4-{2-[(1-methyl-1H-imidazol-2-yl)sulfanyl]ethoxy}benzoic acid,0,Cn1ccnc1SCCOc1ccc(C(=O)O)cc1
4-{2-[(1-methyl-5-nitro-1H-imidazol-2-yl)sulfinyl]ethoxy}benzonitrile,0,Cn1c([N+](=O)[O-])cnc1[S+]([O-])CCOc1ccc(C#N)cc1
4-{2-[(1-methyl-5-nitro-1H-imidazol-2-yl)sulfanyl]ethoxy}benzonitrile,0,Cn1c([N+](=O)[O-])cnc1SCCOc1ccc(C#N)cc1
4-{2-[(1-methyl-1H-imidazol-2-yl)sulfanyl]ethoxy}benzonitrile,0,Cn1ccnc1SCCOc1ccc(C#N)cc1
1-methyl-5-nitro-2-{[2-(4-nitrophenoxy)ethyl]sulfanyl}-1H-imidazole,0,Cn1c([N+](=O)[O-])cnc1SCCOc1ccc([N+](=O)[O-])cc1
1-methyl-2-{[2-(4-nitrophenoxy)ethyl]sulfanyl}-1H-imidazole hydrobromide,0,Cn1ccnc1SCCOc1ccc([N+](=O)[O-])cc1
2-{[2-(4-bromophenoxy)ethyl]sulfanyl}-1-methyl-5-nitro-1H-imidazole,0,Cn1c([N+](=O)[O-])cnc1SCCOc1ccc(Br)cc1
2-{[2-(4-bromophenoxy)ethyl]sulfanyl}-1-methyl-1H-imidazole hydrobromide,0,Cn1ccnc1SCCOc1ccc(Br)cc1
"(2R,3R,4R,5R)-2-{[(1S,2S,3R,4S,6R)-4,6-diamino-3-{[(2R,3R,6S)-3-amino-6-(1-aminoethyl)oxan-2-yl]oxy}-2-hydroxycyclohexyl]oxy}-5-methyl-4-(methylamino)oxane-3,5-diol; (2R,3R,4R,5R)-2-{[(1S,2S,3R,4S,6R)
-4,6-diamino-3-{[(2R,3R,6S)-3-amino-6-(aminomethyl)oxan-2-yl]oxy}-2-hydroxycyclohexyl]oxy}-5-methyl-4-(methylamino)oxane-3,5-diol; (2R,3R,4R,5R)-2-{[(1S,2S,3R,4S,6R)-4,6-diamino-3-{[(2R,3R,6S)-3-amino
-6-[1-(methylamino)ethyl]oxan-2-yl]oxy}-2-hydroxycyclohexyl]oxy}-5-methyl-4-(methylamino)oxane-3,5-diol",1,CNC(C)[C@@H]1CC[C@@H](N)[C@@H](O[C@H]2[C@H](O)[C@@H](O[C@H]3OC[C@](C)(O)[C@H](NC)[C@H]3O)[C@H](N)C[C@@H]2N)O1
"N-[(2E)-5-[(1S,2R,4aR,8aR)-1,2,4a,5-tetramethyl-1,2,3,4,4a,7,8,8a-octahydronaphthalen-1-yl]-3-methylpent-2-en-1-yl]-N-[4-amino-6-(methylamino)pyrimidin-5-yl]formamide",1,CNc1ncnc(N)c1N(C=O)C/C=C(\C)CC[C@@]1(C)[C@H](C)CC[C@@]2(C)C(C)=CCC[C@H]12
"N-[(2E)-5-[(1R,2S,4aR,8aS)-1,2,4a,5-tetramethyl-1,2,3,4,4a,7,8,8a-octahydronaphthalen-1-yl]-3-methylpent-2-en-1-yl]-N-[4-amino-6-(methylamino)pyrimidin-5-yl]formamide",1,CNc1ncnc(N)c1N(C=O)C/C=C(\C)CC[C@]1(C)[C@@H](C)CC[C@@]2(C)C(C)=CCC[C@@H]12
"N-[(2E,6E)-3,7-dimethyl-9-[(1R,6S)-1,2,6-trimethylcyclohex-2-en-1-yl]nona-2,6-dien-1-yl]-N-[4-(methylamino)-6-[(propan-2-yl)amino]pyrimidin-5-yl]formamide",1,CNc1ncnc(NC(C)C)c1N(C=O)C/C=C(\C)CC/C=C(\C)CC[C@@]1(C)C(C)=CCC[C@@H]1C
"N-[4-amino-6-(methylamino)pyrimidin-5-yl]-N-[(2E,6E)-3,7-dimethyl-9-[(1R,6S)-1,2,6-trimethylcyclohex-2-en-1-yl]nona-2,6-dien-1-yl]formamide",0,CNc1ncnc(N)c1N(C=O)C/C=C(\C)CC/C=C(\C)CC[C@@]1(C)C(C)=CCC[C@@H]1C
"3-{5-[5-(2,4-difluorophenyl)-4,5-dihydro-1H-pyrazol-3-yl]-4-methyl-1,3-thiazol-2-yl}pyridine",0,Cc1nc(-c2cccnc2)sc1C1=NNC(c2ccc(F)cc2F)C1
"3-{5-[5-(4-chlorophenyl)-4,5-dihydro-1H-pyrazol-3-yl]-4-methyl-1,3-thiazol-2-yl}pyridine",0,Cc1nc(-c2cccnc2)sc1C1=NNC(c2ccc(Cl)cc2)C1
"3-{5-[5-(4-methoxyphenyl)-4,5-dihydro-1H-pyrazol-3-yl]-4-methyl-1,3-thiazol-2-yl}pyridine",0,COc1ccc(C2CC(c3sc(-c4cccnc4)nc3C)=NN2)cc1
"3-[4-methyl-5-(5-phenyl-4,5-dihydro-1H-pyrazol-3-yl)-1,3-thiazol-2-yl]pyridine",0,Cc1nc(-c2cccnc2)sc1C1=NNC(c2ccccc2)C1
"(2E)-3-(2,4-difluorophenyl)-1-[4-methyl-2-(pyridin-3-yl)-1,3-thiazol-5-yl]prop-2-en-1-one",0,Cc1nc(-c2cccnc2)sc1C(=O)/C=C/c1ccc(F)cc1F
"(2E)-1-[4-methyl-2-(pyridin-3-yl)-1,3-thiazol-5-yl]-3-(2-nitrophenyl)prop-2-en-1-one",0,Cc1nc(-c2cccnc2)sc1C(=O)/C=C/c1ccccc1[N+](=O)[O-]
"(2E)-3-(4-chlorophenyl)-1-[4-methyl-2-(pyridin-3-yl)-1,3-thiazol-5-yl]prop-2-en-1-one",0,Cc1nc(-c2cccnc2)sc1C(=O)/C=C/c1ccc(Cl)cc1
"(2E)-1-[4-methyl-2-(pyridin-3-yl)-1,3-thiazol-5-yl]-3-phenylprop-2-en-1-one",0,Cc1nc(-c2cccnc2)sc1C(=O)/C=C/c1ccccc1
"1-[4-methyl-2-(pyridin-3-yl)-1,3-thiazol-5-yl]ethan-1-one",0,CC(=O)c1sc(-c2cccnc2)nc1C
"3-[2-(pyridin-3-yl)-1,3-thiazol-4-yl]-2H-chromen-2-one",0,O=c1oc2ccccc2cc1-c1csc(-c2cccnc2)n1
"(2S)-N-[(S)-[(2S,4R,6R)-6-[(2S,3R)-3-[(3R)-6,8-dihydroxy-5-methyl-1-oxo-3,4-dihydro-1H-2-benzopyran-3-yl]-2-hydroxybutyl]-4-hydroxy-5,5-dimethyloxan-2-yl](methoxy)methyl]-2-hydroxy-3-methoxy-5-methylh
ex-5-enamide",0,C=C(C)CC(OC)[C@H](O)C(=O)N[C@@H](OC)[C@@H]1C[C@@H](O)C(C)(C)[C@@H](C[C@H](O)[C@@H](C)[C@H]2Cc3c(C)c(O)cc(O)c3C(=O)O2)O1
"bis([bis(hydroxymethyl)amino]methanol); {5-[(Z)-2-(3,5-diiodo-4-methoxyphenyl)ethenyl]-2-methoxyphenoxy}phosphonic acid",1,COc1ccc(/C=C\c2cc(I)c(OC)c(I)c2)cc1OP(=O)(O)O
"bis([bis(hydroxymethyl)amino]methanol); {5-[(Z)-2-(3-iodo-4,5-dimethoxyphenyl)ethenyl]-2-methoxyphenoxy}phosphonic acid",0,COc1ccc(/C=C\c2cc(I)c(OC)c(OC)c2)cc1OP(=O)(O)O
"(2E)-3-(4-methoxyphenyl)-1-[4-methyl-2-(pyridin-3-yl)-1,3-thiazol-5-yl]prop-2-en-1-one",0,COc1ccc(/C=C/C(=O)c2sc(-c3cccnc3)nc2C)cc1
"sodium {[(1S)-1-({2-methoxy-5-[(Z)-2-(7-methoxy-2H-1,3-benzodioxol-5-yl)ethenyl]phenyl}carbamoyl)-2-[4-(phosphonooxy)phenyl]ethyl]amino}phosphonic acid",1,COc1ccc(/C=C\c2cc(OC)c3c(c2)OCO3)cc1NC(=O)[C@H](Cc1ccc(OP(=O)([O-])O)cc1)NP(=O)(O)O
"(3aS,4R,7S,9R,11R,13R,15R,15aR)-1-{4-[4-(3-aminophenyl)-1H-1,2,3-triazol-1-yl]butyl}-9-{[(2S,3R,4S,6R)-4-(dimethylamino)-3-hydroxy-6-methyloxan-2-yl]oxy}-4-ethyl-7-fluoro-11-methoxy-3a,7,11,13,15-pent
amethyl-tetradecahydro-1H-oxacyclotetradeca[4,3-d][1,3]oxazole-2,6,8,14-tetrone",1,CC[C@H]1OC(=O)[C@@](C)(F)C(=O)[C@H](O[C@@H]2O[C@H](C)C[C@H](N(C)C)[C@H]2O)C[C@](C)(OC)C[C@@H](C)C(=O)[C@H](C)[C@H]2N(CCCCn3cc(-c4cccc(N)c4)nn3)C(=O)O[C@]12C
"2-hydroxybutanedioic acid; 7-[(3S,5S)-3-amino-5-methylpiperidin-1-yl]-1-cyclopropyl-8-methoxy-4-oxo-1,4-dihydroquinoline-3-carboxylic acid",1,COc1c(N2C[C@@H](C)C[C@H](N)C2)ccc2c(=O)c(C(=O)O)cn(C3CC3)c12
"8-methoxy-2H-phenanthro[3,4-d][1,3]dioxole-5,6-dicarboxylic acid",1,COc1cccc2c1cc(C(=O)O)c1c(C(=O)O)cc3c(c12)OCO3
"(2'S,7'S,7'aR)-2'-(hydroxymethyl)-2',4'-dimethyl-6'-methylidene-1',2',3',6',7',7'a-hexahydrospiro[cyclopropane-1,5'-inden]-7'-ol",0,C=C1[C@@H](O)[C@@H]2C[C@](C)(CO)CC2=C(C)C12CC2
5-[(1-methyl-1H-imidazol-2-yl)sulfanyl]pentanoic acid,0,Cn1ccnc1SCCCCC(=O)O
"5,7-dihydroxy-2-[(2R,3R)-3-(4-hydroxy-3,5-dimethoxyphenyl)-2-(hydroxymethyl)-8-methoxy-2,3-dihydro-1,4-benzodioxin-6-yl]-4H-chromen-4-one",1,COc1cc([C@H]2Oc3cc(-c4cc(=O)c5c(O)cc(O)cc5o4)cc(OC)c3O[C@@H]2CO)cc(OC)c1O
"(10E,12S,13S,16S)-9-ethyl-4,12-dihydroxy-3,13,16-trimethyl-14-oxa-20-azatetracyclo[19.3.1.0⁵,²⁴.0¹⁶,²²]pentacosa-1(24),2,4,10,17,21-hexaene-6,15,19,23,25-pentone",0,CCC1/C=C/[C@H](O)[C@H](C)OC(=O)[C@@]2(C)C=CC(=O)NC3=C2C(=O)c2c(cc(C)c(O)c2C(=O)CC1)C3=O
"(10E,12S,13S,16Z)-9-ethyl-4,12-dihydroxy-3,13,16-trimethyl-14-oxa-20-azatricyclo[19.3.1.0⁵,²⁴]pentacosa-1(24),2,4,10,16,21-hexaene-6,15,19,23,25-pentone",0,CCC1/C=C\[C@H](O)[C@H](C)OC(=O)/C(C)=C\CC(=O)NC2=CC(=O)c3c(cc(C)c(O)c3C(=O)CC1)C2=O
"3,4-bis[(3,4-dimethoxyphenyl)methyl]oxolan-2-ol",0,COc1ccc(CC2COC(O)C2Cc2ccc(OC)c(OC)c2)cc1OC
"(1S,8S,9S,13R)-16-hydroxy-3,4,5-trimethoxy-11,20-dioxapentacyclo[6.6.6.0¹,¹⁹.0²,⁷.0⁹,¹³]icosa-2(7),3,5,15,18-pentaene-10,17-dione",0,COc1cc2c(c(OC)c1OC)[C@]13C=C(O)C(=O)C=C1O[C@H]2C1C(=O)OC[C@@H]1C3
"(3S,4R)-4-[(2H-1,3-benzodioxol-5-yl)methyl]-3-[(S)-hydroxy(3,4,5-trimethoxyphenyl)methyl]oxolan-2-one",0,COc1cc([C@@H](O)[C@H]2C(=O)OC[C@@H]2Cc2ccc3c(c2)OCO3)cc(OC)c1OC
"(4bS,8aS,10S)-10-methoxy-4b,8,8-trimethyl-1-(propan-2-yl)-4b,5,6,7,8,8a,9,10-octahydrophenanthren-2-ol",0,CO[C@H]1C[C@H]2C(C)(C)CCC[C@]2(C)c2ccc(O)c(C(C)C)c21
"{4-[(2S)-2-amino-2-({2-methoxy-5-[(Z)-2-(7-methoxy-2H-1,3-benzodioxol-5-yl)ethenyl]phenyl}carbamoyl)ethyl]phenoxy}phosphonic acid",1,COc1ccc(/C=C\c2cc(OC)c3c(c2)OCO3)cc1NC(=O)[C@@H](N)Cc1ccc(OP(=O)(O)O)cc1
"5-hydroxy-6,7-dimethoxy-2-(3,4,5-trimethoxyphenyl)-4H-chromen-4-one",0,COc1cc(-c2cc(=O)c3c(O)c(OC)c(OC)cc3o2)cc(OC)c1OC
"(3R,4R)-3,4-bis[(3,4-dimethoxyphenyl)methyl]oxolan-2-one",0,COc1ccc(C[C@H]2COC(=O)[C@@H]2Cc2ccc(OC)c(OC)c2)cc1OC
"4-[(2H-1,3-benzodioxol-5-yl)methyl]-3-[(3,4,5-trimethoxyphenyl)methyl]oxolan-2-ol",0,COc1cc(CC2C(Cc3ccc4c(c3)OCO4)COC2O)cc(OC)c1OC
"N-ethyl-2-[(ethylcarbamoyl)amino]-7-(pyridin-3-yl)-[1,2,4]triazolo[1,5-a]pyridine-5-carboxamide",1,CCNC(=O)Nc1nc2cc(-c3cccnc3)cc(C(=O)NCC)n2n1
"(3R,4R)-4-[(4-hydroxy-3-methoxyphenyl)methyl]-3-[(3,4,5-trimethoxyphenyl)methyl]oxolan-2-one",0,COc1cc(C[C@H]2COC(=O)[C@@H]2Cc2cc(OC)c(OC)c(OC)c2)ccc1O
3-methoxy-5-[(E)-2-(4-methoxyphenyl)ethenyl]phenol,1,COc1ccc(/C=C/c2cc(O)cc(OC)c2)cc1
"(4bS,8aS,10R)-4b,8,8-trimethyl-1-(propan-2-yl)-4b,5,6,7,8,8a,9,10-octahydrophenanthrene-2,10-diol",1,CC(C)c1c(O)ccc2c1[C@H](O)C[C@H]1C(C)(C)CCC[C@]21C
"(4bS,8aS,10R)-10-methoxy-4b,8,8-trimethyl-1-(propan-2-yl)-4b,5,6,7,8,8a,9,10-octahydrophenanthren-2-ol",0,CO[C@@H]1C[C@H]2C(C)(C)CCC[C@]2(C)c2ccc(O)c(C(C)C)c21
"5-[(Z)-2-(3-bromo-4,5-dimethoxyphenyl)ethenyl]-2-methoxyphenol",0,COc1ccc(/C=C\c2cc(Br)c(OC)c(OC)c2)cc1O
"disodium {5-[(Z)-2-(3-fluoro-4,5-dimethoxyphenyl)ethenyl]-2-methoxyphenoxy}phosphonic acid",0,COc1ccc(/C=C\c2cc(F)c(OC)c(OC)c2)cc1OP(=O)([O-])[O-]
"5-[(Z)-2-(3-chloro-4,5-dimethoxyphenyl)ethenyl]-2-methoxyphenol",0,COc1ccc(/C=C\c2cc(Cl)c(OC)c(OC)c2)cc1O
"(1S,9S,11S)-1,12,12-trimethyl-6-(propan-2-yl)-9-(propan-2-yloxy)-8-oxatricyclo[9.4.0.0²,⁷]pentadeca-2,4,6-trien-5-ol",0,CC(C)O[C@@H]1C[C@H]2C(C)(C)CCC[C@]2(C)c2ccc(O)c(C(C)C)c2O1
"5-[(Z)-2-(3-fluoro-4,5-dimethoxyphenyl)ethenyl]-2-methoxyphenol",0,COc1ccc(/C=C\c2cc(F)c(OC)c(OC)c2)cc1O
"(2R,3R)-3-methoxy-N-{2-methoxy-5-[(Z)-2-(7-methoxy-2H-1,3-benzodioxol-5-yl)ethenyl]phenyl}-2-methyl-3-[(2S)-pyrrolidin-2-yl]propanamide; trifluoroacetic acid",0,COc1ccc(/C=C\c2cc(OC)c3c(c2)OCO3)cc1NC(=O)[C@H](C)[C@@H](OC)[C@@H]1CCCN1
"5-[(E)-2-(3-fluoro-4,5-dimethoxyphenyl)ethenyl]-2-methoxyphenol",1,COc1ccc(/C=C/c2cc(F)c(OC)c(OC)c2)cc1O
"(4bS,8aS)-4b,8,8-trimethyl-1-(propan-2-yl)-4b,5,6,7,8,8a-hexahydrophenanthren-2-ol",1,CC(C)c1c(O)ccc2c1C=C[C@H]1C(C)(C)CCC[C@]21C
"9-ethoxy-3,8-dimethyl-7H,10H-imidazo[4,3-a]isoquinoline-7,10-dione",1,CCOC1=C(C)C(=O)c2ccn3c(C)ncc3c2C1=O
"disodium ({11-methoxy-2-methyl-2,6-diazatricyclo[7.3.1.0⁵,¹³]trideca-1(13),3,5,7,9,11-hexaen-12-yl}oxy)phosphonic acid",1,COc1cc2ccnc3c2c(c1OP(=O)([O-])[O-])N(C)C=C3
"4-[(2,4-diaminopyrimidin-5-yl)methyl]-2,6-bis(propan-2-yl)phenol",1,CC(C)c1cc(Cc2cnc(N)nc2N)cc(C(C)C)c1O
"(7S,9E,11S,12R,13S,14R,15R,16R,17S,18S,19E,21Z)-2,15,17,27,29-pentahydroxy-11-methoxy-3,7,12,14,16,18,22-heptamethyl-6,23-dioxo-8,30-dioxa-24-azatetracyclo[23.3.1.1⁴,⁷.0⁵,²⁸]triaconta-1(29),2
,4,9,19,21,25,27-octaen-13-yl acetate",1,CO[C@H]1/C=C\O[C@@]2(C)Oc3c(C)c(O)c4c(O)c(cc(O)c4c3C2=O)NC(=O)/C(C)=C\C=C/[C@H](C)[C@H](O)[C@@H](C)[C@@H](O)[C@@H](C)[C@H](OC(C)=O)[C@@H]1C
"6-bromo-2-(2-methylpropanesulfonyl)-1H,2H-thieno[3,2-d][1,2,3]diazaborinin-1-ol",1,CC(C)CS(=O)(=O)N1N=Cc2sc(Br)cc2B1O
"(9E,19E,21Z)-26-{[(4-cyclopentylpiperazin-1-yl)imino]methyl}-2,15,17,27,29-pentahydroxy-11-methoxy-3,7,12,14,16,18,22-heptamethyl-6,23-dioxo-8,30-dioxa-24-azatetracyclo[23.3.1.1⁴,⁷.0⁵,²⁸]tria
conta-1,3,5(28),9,19,21,25(29),26-octaen-13-yl acetate",1,COC1/C=C\OC2(C)Oc3c(C)c(O)c4c(O)c(c(/C=N/N5CCN(C6CCCC6)CC5)c(O)c4c3C2=O)NC(=O)/C(C)=C\C=C/C(C)C(O)C(C)C(O)C(C)C(OC(C)=O)C1C
"methyl 7-(ethylamino)-4',5,8,10'-tetrahydroxy-4,9,9'-trioxo-4,4',9,9'-tetrahydro-3H,3'H-spiro[naphtho[2,3-b]furan-2,2'-pyrano[3,2-g]isochromene]-7'-carboxylate",1,CCNc1cc(O)c2c(c1O)C(=O)C1=C(CC3(CC(O)c4cc5cc(C(=O)OC)oc(=O)c5c(O)c4O3)O1)C2=O
"6-chloro-2-(4-methylbenzenesulfonyl)-1,2-dihydro-2,3,1-benzodiazaborinin-1-ol",1,Cc1ccc(S(=O)(=O)N2N=Cc3cc(Cl)ccc3B2O)cc1
"5,12-bis(4-methylbenzenesulfonyl)-5,6,12,13-tetraaza-4,11-diboratricyclo[8.4.0.0³,⁸]tetradeca-1,3(8),6,9,13-pentaene-4,11-diol",0,Cc1ccc(S(=O)(=O)N2N=Cc3cc4c(cc3B2O)C=NN(S(=O)(=O)c2ccc(C)cc2)B4O)cc1
"(9E,19E,21Z)-28-(butylamino)-2,15,17,32-tetrahydroxy-11-methoxy-3,7,12,14,16,18,22-heptamethyl-6,23-dioxo-8,33-dioxa-27-thia-24,29-diazapentacyclo[23.6.1.1⁴,⁷.0⁵,³¹.0²⁶,³⁰]tritriaconta-1
,3,5(31),9,19,21,25(32),26(30),28-nonaen-13-yl acetate",1,CCCCNc1nc2c(s1)c1c(O)c3c(O)c(C)c4c(c32)C(=O)C(C)(O/C=C\C(OC)C(C)C(OC(C)=O)C(C)C(O)C(C)C(O)C(C)/C=C\C=C(\C)C(=O)N1)O4
"(9E,19E,21Z)-28-(ethylamino)-2,15,17,32-tetrahydroxy-11-methoxy-3,7,12,14,16,18,22-heptamethyl-6,23-dioxo-8,33-dioxa-27-thia-24,29-diazapentacyclo[23.6.1.1⁴,⁷.0⁵,³¹.0²⁶,³⁰]tritriaconta-1
,3,5(31),9,19,21,25(32),26(30),28-nonaen-13-yl acetate",1,CCNc1nc2c(s1)c1c(O)c3c(O)c(C)c4c(c32)C(=O)C(C)(O/C=C\C(OC)C(C)C(OC(C)=O)C(C)C(O)C(C)C(O)C(C)/C=C\C=C(\C)C(=O)N1)O4
"3-(4-methyl-1,3-thiazol-2-yl)pyridine",0,Cc1csc(-c2cccnc2)n1
"(9E,19E,21Z)-2,13,15,17,32-pentahydroxy-11-methoxy-3,7,12,14,16,18,22-heptamethyl-8,33-dioxa-27-thia-24,29-diazapentacyclo[23.6.1.1⁴,⁷.0⁵,³¹.0²⁶,³⁰]tritriaconta-1,3,5(31),9,19,21,25(32),
26(30),28-nonaene-6,23-dione",1,COC1/C=C\OC2(C)Oc3c(C)c(O)c4c(O)c(c5scnc5c4c3C2=O)NC(=O)/C(C)=C\C=C/C(C)C(O)C(C)C(O)C(C)C(O)C1C
"2-(4-methylbenzenesulfonyl)-1H,2H,6H-fluoreno[3,2-d][1,2,3]diazaborinin-1-ol",1,Cc1ccc(S(=O)(=O)N2N=Cc3cc4c(cc3B2O)-c2ccccc2C4)cc1
"6-ethyl-2-(propane-1-sulfonyl)-1H,2H-thieno[2,3-c][1,2]azaborinin-1-ol",1,CCCS(=O)(=O)N1C=Cc2cc(CC)sc2B1O
"6-methyl-2-(2-methylpropanesulfonyl)-1H,2H-thieno[2,3-c][1,2]azaborinin-1-ol",1,Cc1cc2c(s1)B(O)N(S(=O)(=O)CC(C)C)C=C2
"6-methyl-2-(propane-1-sulfonyl)-1,2-dihydro-2,3,1-benzodiazaborinin-1-ol",1,CCCS(=O)(=O)N1N=Cc2cc(C)ccc2B1O
"6-bromo-2-(2,4,6-trimethylbenzenesulfonyl)-1H,2H-thieno[3,2-d][1,2,3]diazaborinin-1-ol",1,Cc1cc(C)c(S(=O)(=O)N2N=Cc3sc(Br)cc3B2O)c(C)c1
"6-bromo-2-(4-methylbenzenesulfonyl)-1H,2H-thieno[2,3-c][1,2]azaborinin-1-ol",0,Cc1ccc(S(=O)(=O)N2C=Cc3cc(Br)sc3B2O)cc1
"methyl 4',5,8,10'-tetrahydroxy-7-(methylamino)-4,9,9'-trioxo-4,4',9,9'-tetrahydro-3H,3'H-spiro[naphtho[2,3-b]furan-2,2'-pyrano[3,2-g]isochromene]-7'-carboxylate",1,CNc1cc(O)c2c(c1O)C(=O)C1=C(CC3(CC(O)c4cc5cc(C(=O)OC)oc(=O)c5c(O)c4O3)O1)C2=O
"6-bromo-2-(2-methylbenzenesulfonyl)-1H,2H-thieno[3,2-d][1,2,3]diazaborinin-1-ol",1,Cc1ccccc1S(=O)(=O)N1N=Cc2sc(Br)cc2B1O
"2-(4-aminobenzenesulfonyl)-6-methyl-1,2-dihydro-2,3,1-benzodiazaborinin-1-ol",1,Cc1ccc2c(c1)C=NN(S(=O)(=O)c1ccc(N)cc1)B2O
"6-bromo-2-(2-chloro-4-methylbenzenesulfonyl)-1H,2H-thieno[3,2-d][1,2,3]diazaborinin-1-ol",1,Cc1ccc(S(=O)(=O)N2N=Cc3sc(Br)cc3B2O)c(Cl)c1
"1-hydroxy-N,N-dimethyl-1,2-dihydro-2,3,1-benzodiazaborinine-2-sulfonamide",0,CN(C)S(=O)(=O)N1N=Cc2ccccc2B1O
"7-chloro-2-(4-methylbenzenesulfonyl)-1,2-dihydro-2,3,1-benzodiazaborinin-1-ol",0,Cc1ccc(S(=O)(=O)N2N=Cc3ccc(Cl)cc3B2O)cc1
"N-{4-[(6-bromo-1-hydroxy-1,2-dihydro-2,3,1-benzodiazaborinin-2-yl)sulfonyl]-3-chlorophenyl}acetamide",1,CC(=O)Nc1ccc(S(=O)(=O)N2N=Cc3cc(Br)ccc3B2O)c(Cl)c1
"5-fluoro-2-(4-methylbenzenesulfonyl)-1,2-dihydro-2,3,1-benzodiazaborinin-1-ol",1,Cc1ccc(S(=O)(=O)N2N=Cc3c(F)cccc3B2O)cc1
"N-{3-chloro-4-[(1-hydroxy-6-methyl-1,2-dihydro-2,3,1-benzodiazaborinin-2-yl)sulfonyl]phenyl}acetamide",1,CC(=O)Nc1ccc(S(=O)(=O)N2N=Cc3cc(C)ccc3B2O)c(Cl)c1
"2-(2-chloro-4-methylbenzenesulfonyl)-6-methyl-1H,2H-thieno[3,2-d][1,2,3]diazaborinin-1-ol",1,Cc1ccc(S(=O)(=O)N2N=Cc3sc(C)cc3B2O)c(Cl)c1
"5-methyl-2-(4-methylbenzenesulfonyl)-1,2-dihydro-2,3,1-benzodiazaborinin-1-ol",1,Cc1ccc(S(=O)(=O)N2N=Cc3c(C)cccc3B2O)cc1
"6-ethyl-2-(4-methylbenzenesulfonyl)-1H,2H-thieno[2,3-c][1,2]azaborinin-1-ol",1,CCc1cc2c(s1)B(O)N(S(=O)(=O)c1ccc(C)cc1)C=C2
"6-methyl-2-(propane-1-sulfonyl)-1H,2H-thieno[2,3-c][1,2]azaborinin-1-ol",1,CCCS(=O)(=O)N1C=Cc2cc(C)sc2B1O
"methyl 4',5,8,10'-tetrahydroxy-7-[(2-hydroxyethyl)amino]-4,9,9'-trioxo-4,4',9,9'-tetrahydro-3H,3'H-spiro[naphtho[2,3-b]furan-2,2'-pyrano[3,2-g]isochromene]-7'-carboxylate",1,COC(=O)c1cc2cc3c(c(O)c2c(=O)o1)OC1(CC2=C(O1)C(=O)c1c(O)c(NCCO)cc(O)c1C2=O)CC3O
"methyl 7-{[2-(dimethylamino)ethyl]amino}-4',5,8,10'-tetrahydroxy-4,9,9'-trioxo-4,4',9,9'-tetrahydro-3H,3'H-spiro[naphtho[2,3-b]furan-2,2'-pyrano[3,2-g]isochromene]-7'-carboxylate",1,COC(=O)c1cc2cc3c(c(O)c2c(=O)o1)OC1(CC2=C(O1)C(=O)c1c(O)c(NCCN(C)C)cc(O)c1C2=O)CC3O
"methyl 7-[(2-{[(tert-butoxy)carbonyl]amino}ethyl)amino]-4',5,8,10'-tetrahydroxy-4,9,9'-trioxo-4,4',9,9'-tetrahydro-3H,3'H-spiro[naphtho[2,3-b]furan-2,2'-pyrano[3,2-g]isochromene]-7'-carboxylate",1,COC(=O)c1cc2cc3c(c(O)c2c(=O)o1)OC1(CC2=C(O1)C(=O)c1c(O)c(NCCNC(=O)OC(C)(C)C)cc(O)c1C2=O)CC3O
"methyl 4',5,8,10'-tetrahydroxy-4,9,9'-trioxo-7-[(2,2,2-trifluoroethyl)amino]-4,4',9,9'-tetrahydro-3H,3'H-spiro[naphtho[2,3-b]furan-2,2'-pyrano[3,2-g]isochromene]-7'-carboxylate",1,COC(=O)c1cc2cc3c(c(O)c2c(=O)o1)OC1(CC2=C(O1)C(=O)c1c(O)c(NCC(F)(F)F)cc(O)c1C2=O)CC3O
"5,7-dihydroxy-2-[(2R,3R)-3-(4-hydroxy-3-methoxyphenyl)-2-(hydroxymethyl)-8-methoxy-2,3-dihydro-1,4-benzodioxin-6-yl]-4H-chromen-4-one",1,COc1cc([C@H]2Oc3cc(-c4cc(=O)c5c(O)cc(O)cc5o4)cc(OC)c3O[C@@H]2CO)ccc1O
"N-{[3-(2-{N'-[2-(2-methoxyphenyl)ethyl]carbamimidamido}-1,3-thiazol-4-yl)phenyl]methyl}acetamide",0,COc1ccccc1CC/N=C(\N)Nc1nc(-c2cccc(CNC(C)=O)c2)cs1
"N-{[5-(2-{N'-[(2-ethoxyphenyl)methyl]carbamimidamido}-1,3-thiazol-4-yl)furan-2-yl]methyl}acetamide",0,CCOc1ccccc1C/N=C(\N)Nc1nc(-c2ccc(CNC(C)=O)o2)cs1
"5-(4-methoxybenzoyl)benzene-1,3-diol",0,COc1ccc(C(=O)c2cc(O)cc(O)c2)cc1
"4-(3,5-dimethoxybenzoyl)phenol",0,COc1cc(OC)cc(C(=O)c2ccc(O)cc2)c1
"5-[(Z)-2-(4-methoxyphenyl)ethenyl]benzene-1,3-diol",0,COc1ccc(/C=C\c2cc(O)cc(O)c2)cc1
"1,3-dimethoxy-5-[(Z)-2-(4-methoxyphenyl)ethenyl]benzene",0,COc1ccc(/C=C\c2cc(OC)cc(OC)c2)cc1
"11-methoxy-2-methyl-2,6-diazatricyclo[7.3.1.0⁵,¹³]trideca-1(13),3,5,7,9,11-hexaen-12-ol",1,COc1cc2ccnc3c2c(c1O)N(C)C=C3
"(9E,19E,21Z)-2,15,17,32-tetrahydroxy-11-methoxy-3,7,12,14,16,18,22-heptamethyl-28-(morpholin-4-yl)-6,23-dioxo-8,33-dioxa-27-thia-24,29-diazapentacyclo[23.6.1.1⁴,⁷.0⁵,³¹.0²⁶,³⁰]tritriacon
ta-1,3,5(31),9,19,21,25(32),26(30),28-nonaen-13-yl acetate",1,COC1/C=C\OC2(C)Oc3c(C)c(O)c4c(O)c(c5sc(N6CCOCC6)nc5c4c3C2=O)NC(=O)/C(C)=C\C=C/C(C)C(O)C(C)C(O)C(C)C(OC(C)=O)C1C
"(9E,19E,21Z)-2,15,17,32-tetrahydroxy-11-methoxy-3,7,12,14,16,18,22-heptamethyl-28-(4-methylpiperazin-1-yl)-6,23-dioxo-8,33-dioxa-27-thia-24,29-diazapentacyclo[23.6.1.1⁴,⁷.0⁵,³¹.0²⁶,³⁰]tr
itriaconta-1,3,5(31),9,19,21,25(32),26(30),28-nonaen-13-yl acetate",0,COC1/C=C\OC2(C)Oc3c(C)c(O)c4c(O)c(c5sc(N6CCN(C)CC6)nc5c4c3C2=O)NC(=O)/C(C)=C\C=C/C(C)C(O)C(C)C(O)C(C)C(OC(C)=O)C1C
"(9E,19E,21Z)-2,15,17,32-tetrahydroxy-11-methoxy-3,7,12,14,16,18,22-heptamethyl-6,23-dioxo-28-(piperazin-1-yl)-8,33-dioxa-27-thia-24,29-diazapentacyclo[23.6.1.1⁴,⁷.0⁵,³¹.0²⁶,³⁰]tritriacon
ta-1,3,5(31),9,19,21,25(32),26(30),28-nonaen-13-yl acetate",1,COC1/C=C\OC2(C)Oc3c(C)c(O)c4c(O)c(c5sc(N6CCNCC6)nc5c4c3C2=O)NC(=O)/C(C)=C\C=C/C(C)C(O)C(C)C(O)C(C)C(OC(C)=O)C1C
"5-[(4-methoxy-3,5-dimethylphenyl)methyl]pyrimidine-2,4-diamine",0,COc1c(C)cc(Cc2cnc(N)nc2N)cc1C
"benzyl 4-[(9E,19E,21Z)-13-(acetyloxy)-2,15,17,32-tetrahydroxy-11-methoxy-3,7,12,14,16,18,22-heptamethyl-6,23-dioxo-8,33-dioxa-27-thia-24,29-diazapentacyclo[23.6.1.1⁴,⁷.0⁵,³¹.0²⁶,³⁰]tritr
iaconta-1,3,5(31),9,19,21,25(32),26(30),28-nonaen-28-yl]piperazine-1-carboxylate",1,COC1/C=C\OC2(C)Oc3c(C)c(O)c4c(O)c(c5sc(N6CCN(C(=O)OCc7ccccc7)CC6)nc5c4c3C2=O)NC(=O)/C(C)=C\C=C/C(C)C(O)C(C)C(O)C(C)C(OC(C)=O)C1C
"(9E,19E,21Z)-2,15,17,32-tetrahydroxy-11-methoxy-3,7,12,14,16,18,22,24-octamethyl-6,23-dioxo-28-(piperidin-1-yl)-8,33-dioxa-27-thia-24,29-diazapentacyclo[23.6.1.1⁴,⁷.0⁵,³¹.0²⁶,³⁰]tritriac
onta-1,3,5(31),9,19,21,25(32),26(30),28-nonaen-13-yl acetate",1,COC1/C=C\OC2(C)Oc3c(C)c(O)c4c(O)c(c5sc(N6CCCCC6)nc5c4c3C2=O)N(C)C(=O)/C(C)=C\C=C/C(C)C(O)C(C)C(O)C(C)C(OC(C)=O)C1C
"ethyl 4-[(9E,19E,21Z)-13-(acetyloxy)-2,15,17,32-tetrahydroxy-11-methoxy-3,7,12,14,16,18,22-heptamethyl-6,23-dioxo-8,33-dioxa-27-thia-24,29-diazapentacyclo[23.6.1.1⁴,⁷.0⁵,³¹.0²⁶,³⁰]tritri
aconta-1,3,5(31),9,19,21,25(32),26(30),28-nonaen-28-yl]piperazine-1-carboxylate",1,CCOC(=O)N1CCN(c2nc3c(s2)c2c(O)c4c(O)c(C)c5c(c43)C(=O)C(C)(O/C=C\C(OC)C(C)C(OC(C)=O)C(C)C(O)C(C)C(O)C(C)/C=C\C=C(\C)C(=O)N2)O5)CC1
"5-{[3,4-dimethoxy-5-(prop-2-en-1-yl)phenyl]methyl}pyrimidine-2,4-diamine",0,C=CCc1cc(Cc2cnc(N)nc2N)cc(OC)c1OC
"(9E,19E,21Z)-28-(dibutylamino)-2,15,17,32-tetrahydroxy-11-methoxy-3,7,12,14,16,18,22-heptamethyl-6,23-dioxo-8,33-dioxa-27-thia-24,29-diazapentacyclo[23.6.1.1⁴,⁷.0⁵,³¹.0²⁶,³⁰]tritriaconta
-1,3,5(31),9,19,21,25(32),26(30),28-nonaen-13-yl acetate",1,CCCCN(CCCC)c1nc2c(s1)c1c(O)c3c(O)c(C)c4c(c32)C(=O)C(C)(O/C=C\C(OC)C(C)C(OC(C)=O)C(C)C(O)C(C)C(O)C(C)/C=C\C=C(\C)C(=O)N1)O4
"5-[(3-ethyl-4-methoxy-5-propylphenyl)methyl]pyrimidine-2,4-diamine",1,CCCc1cc(Cc2cnc(N)nc2N)cc(CC)c1OC
"5-[(3,4-dimethoxy-5-propylphenyl)methyl]pyrimidine-2,4-diamine",0,CCCc1cc(Cc2cnc(N)nc2N)cc(OC)c1OC
"2,6-di-tert-butyl-4-[(2,4-diaminopyrimidin-5-yl)methyl]phenol",0,CC(C)(C)c1cc(Cc2cnc(N)nc2N)cc(C(C)(C)C)c1O
"3,5-dibromo-2-(2,4-dibromophenoxy)phenol",1,Oc1cc(Br)cc(Br)c1Oc1ccc(Br)cc1Br
"(7S,9E,11S,12R,13S,14R,15R,16R,17S,18S,19E,21Z)-2,15,17-trihydroxy-11-methoxy-3,7,12,14,16,18,22-heptamethyl-6,23,27,29-tetraoxo-8,30-dioxa-24-azatetracyclo[23.3.1.1⁴,⁷.0⁵,²⁸]triaconta-1,3,5(
28),9,19,21,25-heptaen-13-yl acetate",1,CO[C@H]1/C=C\O[C@@]2(C)Oc3c(C)c(O)c4c(c3C2=O)C(=O)C=C(NC(=O)/C(C)=C\C=C/[C@H](C)[C@H](O)[C@@H](C)[C@@H](O)[C@@H](C)[C@H](OC(C)=O)[C@@H]1C)C4=O
"6-bromo-2-(2-chlorobenzenesulfonyl)-1H,2H-thieno[2,3-c][1,2]azaborinin-1-ol",0,O=S(=O)(c1ccccc1Cl)N1C=Cc2cc(Br)sc2B1O
"2-(2-chlorobenzenesulfonyl)-6-ethyl-1H,2H-thieno[2,3-c][1,2]azaborinin-1-ol",1,CCc1cc2c(s1)B(O)N(S(=O)(=O)c1ccccc1Cl)C=C2
"2-(2-chlorobenzenesulfonyl)-6-ethyl-1H,2H-thieno[3,2-d][1,2,3]diazaborinin-1-ol",1,CCc1cc2c(s1)C=NN(S(=O)(=O)c1ccccc1Cl)B2O
"5-methyl-2-(propane-1-sulfonyl)-1H,2H,5H-pyrrolo[3,2-d][1,2,3]diazaborinin-1-ol",0,CCCS(=O)(=O)N1N=Cc2c(ccn2C)B1O
"methyl 7-(benzylamino)-4',5,8,10'-tetrahydroxy-4,9,9'-trioxo-4,4',9,9'-tetrahydro-3H,3'H-spiro[naphtho[2,3-b]furan-2,2'-pyrano[3,2-g]isochromene]-7'-carboxylate",1,COC(=O)c1cc2cc3c(c(O)c2c(=O)o1)OC1(CC2=C(O1)C(=O)c1c(O)c(NCc4ccccc4)cc(O)c1C2=O)CC3O
"2-(4-amino-2-chlorobenzenesulfonyl)-6-methyl-1,2-dihydro-2,3,1-benzodiazaborinin-1-ol",1,Cc1ccc2c(c1)C=NN(S(=O)(=O)c1ccc(N)cc1Cl)B2O
"methyl 4',5,8,10'-tetrahydroxy-7-methoxy-4,9,9'-trioxo-4,4',9,9'-tetrahydro-3H,3'H-spiro[naphtho[2,3-b]furan-2,2'-pyrano[3,2-g]isochromene]-7'-carboxylate",1,COC(=O)c1cc2cc3c(c(O)c2c(=O)o1)OC1(CC2=C(O1)C(=O)c1c(O)c(OC)cc(O)c1C2=O)CC3O
"6-bromo-2-(4-nitrobenzenesulfonyl)-1,2-dihydro-2,3,1-benzodiazaborinin-1-ol",1,O=[N+]([O-])c1ccc(S(=O)(=O)N2N=Cc3cc(Br)ccc3B2O)cc1
"2-(4-aminobenzenesulfonyl)-6-bromo-1,2-dihydro-2,3,1-benzodiazaborinin-1-ol",1,Nc1ccc(S(=O)(=O)N2N=Cc3cc(Br)ccc3B2O)cc1
"2-(4-aminobenzenesulfonyl)-5-fluoro-1,2-dihydro-2,3,1-benzodiazaborinin-1-ol",1,Nc1ccc(S(=O)(=O)N2N=Cc3c(F)cccc3B2O)cc1
"methyl 7-amino-4',5,8,10'-tetrahydroxy-4,9,9'-trioxo-4,4',9,9'-tetrahydro-3H,3'H-spiro[naphtho[2,3-b]furan-2,2'-pyrano[3,2-g]isochromene]-7'-carboxylate",1,COC(=O)c1cc2cc3c(c(O)c2c(=O)o1)OC1(CC2=C(O1)C(=O)c1c(O)c(N)cc(O)c1C2=O)CC3O
"2-(propane-1-sulfonyl)-1H,2H-thieno[3,2-d][1,2,3]diazaborinin-1-ol",1,CCCS(=O)(=O)N1N=Cc2sccc2B1O
"6-bromo-2-(2-chlorobenzenesulfonyl)-1H,2H-thieno[3,2-d][1,2,3]diazaborinin-1-ol",1,O=S(=O)(c1ccccc1Cl)N1N=Cc2sc(Br)cc2B1O
"methyl 7-[(2-aminoethyl)amino]-4',5,8,10'-tetrahydroxy-4,9,9'-trioxo-4,4',9,9'-tetrahydro-3H,3'H-spiro[naphtho[2,3-b]furan-2,2'-pyrano[3,2-g]isochromene]-7'-carboxylate",0,COC(=O)c1cc2cc3c(c(O)c2c(=O)o1)OC1(CC2=C(O1)C(=O)c1c(O)c(NCCN)cc(O)c1C2=O)CC3O
"6-methyl-2-(propane-1-sulfonyl)-1H,2H-thieno[3,2-d][1,2,3]diazaborinin-1-ol",1,CCCS(=O)(=O)N1N=Cc2sc(C)cc2B1O
"1-hydroxy-N,N,6-trimethyl-1,2-dihydro-2,3,1-benzodiazaborinine-2-sulfonamide",1,Cc1ccc2c(c1)C=NN(S(=O)(=O)N(C)C)B2O
"2-(2-chlorobenzenesulfonyl)-6-methyl-1H,2H-thieno[3,2-d][1,2,3]diazaborinin-1-ol",1,Cc1cc2c(s1)C=NN(S(=O)(=O)c1ccccc1Cl)B2O
"6-methyl-2-(4-methylbenzenesulfonyl)-1,2-dihydro-2,3,1-benzodiazaborinin-1-ol",1,Cc1ccc(S(=O)(=O)N2N=Cc3cc(C)ccc3B2O)cc1
"6-bromo-2-(ethanesulfonyl)-1H,2H-thieno[3,2-d][1,2,3]diazaborinin-1-ol",1,CCS(=O)(=O)N1N=Cc2sc(Br)cc2B1O
"N-[4-({6-bromo-1-hydroxy-1H,2H-thieno[3,2-d][1,2,3]diazaborinin-2-yl}sulfonyl)phenyl]acetamide",1,CC(=O)Nc1ccc(S(=O)(=O)N2N=Cc3sc(Br)cc3B2O)cc1
"N-[4-({6-bromo-1-hydroxy-1H,2H-thieno[3,2-d][1,2,3]diazaborinin-2-yl}sulfonyl)-3-chlorophenyl]acetamide",1,CC(=O)Nc1ccc(S(=O)(=O)N2N=Cc3sc(Br)cc3B2O)c(Cl)c1
"methyl 7-[(cyanomethyl)amino]-4',5,8,10'-tetrahydroxy-4,9,9'-trioxo-4,4',9,9'-tetrahydro-3H,3'H-spiro[naphtho[2,3-b]furan-2,2'-pyrano[3,2-g]isochromene]-7'-carboxylate",1,COC(=O)c1cc2cc3c(c(O)c2c(=O)o1)OC1(CC2=C(O1)C(=O)c1c(O)c(NCC#N)cc(O)c1C2=O)CC3O
"6-bromo-2-(4-methylbenzenesulfonyl)-1,2-dihydro-2,3,1-benzodiazaborinin-1-ol",1,Cc1ccc(S(=O)(=O)N2N=Cc3cc(Br)ccc3B2O)cc1
"6-fluoro-2-(4-methylbenzenesulfonyl)-1,2-dihydro-2,3,1-benzodiazaborinin-1-ol",1,Cc1ccc(S(=O)(=O)N2N=Cc3cc(F)ccc3B2O)cc1
"6-methyl-2-(2-methylbenzenesulfonyl)-1H,2H-thieno[3,2-d][1,2,3]diazaborinin-1-ol",1,Cc1cc2c(s1)C=NN(S(=O)(=O)c1ccccc1C)B2O
"2-methanesulfonyl-1H,2H-thieno[3,2-d][1,2,3]diazaborinin-1-ol",0,CS(=O)(=O)N1N=Cc2sccc2B1O
"6-bromo-2-(4-methylbenzenesulfonyl)-1H,2H-furo[3,2-d][1,2,3]diazaborinin-1-ol",1,Cc1ccc(S(=O)(=O)N2N=Cc3oc(Br)cc3B2O)cc1
"6-methyl-2-(4-methylbenzenesulfonyl)-1H,2H-furo[3,2-d][1,2,3]diazaborinin-1-ol",1,Cc1ccc(S(=O)(=O)N2N=Cc3oc(C)cc3B2O)cc1
"6-chloro-2-(4-methylbenzenesulfonyl)-1H,2H-thieno[3,2-d][1,2,3]diazaborinin-1-ol",1,Cc1ccc(S(=O)(=O)N2N=Cc3sc(Cl)cc3B2O)cc1
"6-bromo-2-(2,4,5-trichlorobenzenesulfonyl)-1,2-dihydro-2,3,1-benzodiazaborinin-1-ol",1,O=S(=O)(c1cc(Cl)c(Cl)cc1Cl)N1N=Cc2cc(Br)ccc2B1O
"3-(4-methylbenzenesulfonyl)-3H,4H-naphtho[2,1-d][1,2,3]diazaborinin-4-ol",1,Cc1ccc(S(=O)(=O)N2N=Cc3c(ccc4ccccc34)B2O)cc1
"2-(benzenesulfonyl)-6-bromo-1H,2H-thieno[3,2-d][1,2,3]diazaborinin-1-ol",1,O=S(=O)(c1ccccc1)N1N=Cc2sc(Br)cc2B1O
"7-bromo-2-(4-methylbenzenesulfonyl)-1,2-dihydro-2,3,1-benzodiazaborinin-1-ol",1,Cc1ccc(S(=O)(=O)N2N=Cc3ccc(Br)cc3B2O)cc1
"6-bromo-2-(2,4,5-trichlorobenzenesulfonyl)-1H,2H-furo[3,2-d][1,2,3]diazaborinin-1-ol",1,O=S(=O)(c1cc(Cl)c(Cl)cc1Cl)N1N=Cc2oc(Br)cc2B1O
"2-(benzenesulfonyl)-1,2-dihydro-2,3,1-benzodiazaborinine-1,7-diol",0,O=S(=O)(c1ccccc1)N1N=Cc2ccc(O)cc2B1O
"2-(2-chloro-4-methylbenzenesulfonyl)-6-methyl-1H,2H-thieno[2,3-c][1,2]azaborinin-1-ol",1,Cc1ccc(S(=O)(=O)N2C=Cc3cc(C)sc3B2O)c(Cl)c1
"methyl 4',5,8,10'-tetrahydroxy-4,9,9'-trioxo-7-(propylamino)-4,4',9,9'-tetrahydro-3H,3'H-spiro[naphtho[2,3-b]furan-2,2'-pyrano[3,2-g]isochromene]-7'-carboxylate",1,CCCNc1cc(O)c2c(c1O)C(=O)C1=C(CC3(CC(O)c4cc5cc(C(=O)OC)oc(=O)c5c(O)c4O3)O1)C2=O
"2-methanesulfonyl-6-methyl-1,2-dihydro-2,3,1-benzodiazaborinin-1-ol",0,Cc1ccc2c(c1)C=NN(S(C)(=O)=O)B2O
"6-bromo-2-(4-methylbenzenesulfonyl)-1H,2H-thieno[3,2-d][1,2,3]diazaborinin-1-ol",1,Cc1ccc(S(=O)(=O)N2N=Cc3sc(Br)cc3B2O)cc1
"6-chloro-2-(propane-1-sulfonyl)-1,2-dihydro-2,3,1-benzodiazaborinin-1-ol",1,CCCS(=O)(=O)N1N=Cc2cc(Cl)ccc2B1O
"2-(4-methylbenzenesulfonyl)-1,2-dihydro-2,3,1-benzodiazaborinin-1-ol",1,Cc1ccc(S(=O)(=O)N2N=Cc3ccccc3B2O)cc1
"1,4,6,9-tetramethyl-1H,2H,5H,8H,9H,10H-pyrido[3,2-g]quinoline-2,5,8,10-tetrone",1,Cc1cc(=O)n(C)c2c1C(=O)c1c(C)cc(=O)n(C)c1C2=O
"N-[(3-{2-[N'-(2-methoxyethyl)carbamimidamido]-1,3-thiazol-4-yl}phenyl)methyl]acetamide",0,COCC/N=C(\N)Nc1nc(-c2cccc(CNC(C)=O)c2)cs1
"N-{[5-(2-{N'-[2-(2-methoxyphenyl)ethyl]carbamimidamido}-1,3-thiazol-4-yl)-2-methylfuran-3-yl]methyl}acetamide",0,COc1ccccc1CC/N=C(\N)Nc1nc(-c2cc(CNC(C)=O)c(C)o2)cs1
"5,7-dihydroxy-2-[(2R,3R)-3-(4-hydroxy-3-methoxyphenyl)-2-(hydroxymethyl)-2,3-dihydro-1,4-benzodioxin-6-yl]-4H-chromen-4-one",1,COc1cc([C@H]2Oc3cc(-c4cc(=O)c5c(O)cc(O)cc5o4)ccc3O[C@@H]2CO)ccc1O
"4-[(3,5-dimethoxyphenyl)(hydroxy)methyl]phenol",1,COc1cc(OC)cc(C(O)c2ccc(O)cc2)c1
"4-[(Z)-2-(3,5-dimethoxyphenyl)ethenyl]phenol",1,COc1cc(/C=C\c2ccc(O)cc2)cc(OC)c1
"{4-[(Z)-2-(3,5-dimethoxyphenyl)ethenyl]phenoxy}phosphonic acid disodium",1,COc1cc(/C=C\c2ccc(OP(=O)([O-])[O-])cc2)cc(OC)c1
"(3,5-dimethoxyphenyl)(4-methoxyphenyl)methanone",0,COc1ccc(C(=O)c2cc(OC)cc(OC)c2)cc1
3-methoxy-5-(4-methoxybenzoyl)phenol,0,COc1ccc(C(=O)c2cc(O)cc(OC)c2)cc1
"5-(4-hydroxybenzoyl)benzene-1,3-diol",0,O=C(c1ccc(O)cc1)c1cc(O)cc(O)c1
3-(4-hydroxybenzoyl)-5-methoxyphenol,0,COc1cc(O)cc(C(=O)c2ccc(O)cc2)c1
1-(isothiocyanatomethyl)-4-methoxybenzene,1,COc1ccc(CN=C=S)cc1
"(10R,11R,15R)-10-(3,4,5-trimethoxyphenyl)-4,6,13-trioxatetracyclo[7.7.0.0³,⁷.0¹¹,¹⁵]hexadeca-1(9),2,7-trien-12-one",0,COc1cc([C@@H]2c3cc4c(cc3C[C@H]3COC(=O)[C@@H]32)OCO4)cc(OC)c1OC
"(9E,19E,21Z)-28-(diethylamino)-2,15,17,32-tetrahydroxy-11-methoxy-3,7,12,14,16,18,22-heptamethyl-6,23-dioxo-8,33-dioxa-27-thia-24,29-diazapentacyclo[23.6.1.1⁴,⁷.0⁵,³¹.0²⁶,³⁰]tritriaconta
-1,3,5(31),9,19,21,25(32),26(30),28-nonaen-13-yl acetate",1,CCN(CC)c1nc2c(s1)c1c(O)c3c(O)c(C)c4c(c32)C(=O)C(C)(O/C=C\C(OC)C(C)C(OC(C)=O)C(C)C(O)C(C)C(O)C(C)/C=C\C=C(\C)C(=O)N1)O4
"(9E,19E,21Z)-2,13,15,17,32-pentahydroxy-11-methoxy-3,7,12,14,16,18,22-heptamethyl-28-(4-methylpiperazin-1-yl)-8,33-dioxa-27-thia-24,29-diazapentacyclo[23.6.1.1⁴,⁷.0⁵,³¹.0²⁶,³⁰]tritriacon
ta-1,3,5(31),9,19,21,25(32),26(30),28-nonaene-6,23-dione",1,COC1/C=C\OC2(C)Oc3c(C)c(O)c4c(O)c(c5sc(N6CCN(C)CC6)nc5c4c3C2=O)NC(=O)/C(C)=C\C=C/C(C)C(O)C(C)C(O)C(C)C(O)C1C
"(9E,19E,21Z)-2,15,17,32-tetrahydroxy-11-methoxy-3,7,12,14,16,18,22-heptamethyl-6,23-dioxo-28-(pyrrolidin-1-yl)-8,33-dioxa-27-thia-24,29-diazapentacyclo[23.6.1.1⁴,⁷.0⁵,³¹.0²⁶,³⁰]tritriaco
nta-1,3,5(31),9,19,21,25(32),26(30),28-nonaen-13-yl acetate",1,COC1/C=C\OC2(C)Oc3c(C)c(O)c4c(O)c(c5sc(N6CCCC6)nc5c4c3C2=O)NC(=O)/C(C)=C\C=C/C(C)C(O)C(C)C(O)C(C)C(OC(C)=O)C1C
"(9E,19E,21Z)-2,15,17,32-tetrahydroxy-11-methoxy-3,7,12,14,16,18,22-heptamethyl-1'-(2-methylpropyl)-6,23-dioxo-8,33-dioxa-24,27,29-triazaspiro[pentacyclo[23.6.1.1⁴,⁷.0⁵,³¹.0²⁶,³⁰]tritriac
ontane-28,4'-piperidine]-1(31),2,4,9,19,21,25(32),26,29-nonaen-13-yl acetate",1,COC1/C=C\OC2(C)Oc3c(C)c(O)c4c(O)c(c5c(c4c3C2=O)=NC2(CCN(CC(C)C)CC2)N=5)NC(=O)/C(C)=C\C=C/C(C)C(O)C(C)C(O)C(C)C(OC(C)=O)C1C
"(9E,19E,21Z)-2,15,17,32-tetrahydroxy-11-methoxy-3,7,12,14,16,18,22-heptamethyl-6,23-dioxo-28-(4-phenylpiperazin-1-yl)-8,33-dioxa-27-thia-24,29-diazapentacyclo[23.6.1.1⁴,⁷.0⁵,³¹.0²⁶,³⁰]tr
itriaconta-1,3,5(31),9,19,21,25(32),26(30),28-nonaen-13-yl acetate",1,COC1/C=C\OC2(C)Oc3c(C)c(O)c4c(O)c(c5sc(N6CCN(c7ccccc7)CC6)nc5c4c3C2=O)NC(=O)/C(C)=C\C=C/C(C)C(O)C(C)C(O)C(C)C(OC(C)=O)C1C
"(9E,19E,21Z)-28-(4-benzylpiperazin-1-yl)-2,15,17,32-tetrahydroxy-11-methoxy-3,7,12,14,16,18,22-heptamethyl-6,23-dioxo-8,33-dioxa-27-thia-24,29-diazapentacyclo[23.6.1.1⁴,⁷.0⁵,³¹.0²⁶,³⁰]tr
itriaconta-1,3,5(31),9,19,21,25(32),26(30),28-nonaen-13-yl acetate",1,COC1/C=C\OC2(C)Oc3c(C)c(O)c4c(O)c(c5sc(N6CCN(Cc7ccccc7)CC6)nc5c4c3C2=O)NC(=O)/C(C)=C\C=C/C(C)C(O)C(C)C(O)C(C)C(OC(C)=O)C1C
"4-[(2,4-diaminopyrimidin-5-yl)methyl]-2-ethyl-6-propylphenol",1,CCCc1cc(Cc2cnc(N)nc2N)cc(CC)c1O
"N-[(5-{2-[N'-(cyclohexylmethyl)carbamimidamido]-1,3-thiazol-4-yl}furan-2-yl)methyl]acetamide",0,CC(=O)NCc1ccc(-c2csc(NC(=N)NCC3CCCCC3)n2)o1
"5-[(3,5-di-tert-butyl-4-methoxyphenyl)methyl]pyrimidine-2,4-diamine",1,COc1c(C(C)(C)C)cc(Cc2cnc(N)nc2N)cc1C(C)(C)C
"N-[(5-{2-[N'-(2-ethoxyethyl)carbamimidamido]-1,3-thiazol-4-yl}furan-2-yl)methyl]acetamide",0,CCOCC/N=C(\N)Nc1nc(-c2ccc(CNC(C)=O)o2)cs1
"5-[(3-ethoxy-4,5-dimethoxyphenyl)methyl]pyrimidine-2,4-diamine",0,CCOc1cc(Cc2cnc(N)nc2N)cc(OC)c1OC
"5-[(3-ethyl-4-methoxy-5-methylphenyl)methyl]pyrimidine-2,4-diamine",0,CCc1cc(Cc2cnc(N)nc2N)cc(C)c1OC
"5-({3,4-dimethoxy-5-[(1E)-prop-1-en-1-yl]phenyl}methyl)pyrimidine-2,4-diamine",0,C/C=C/c1cc(Cc2cnc(N)nc2N)cc(OC)c1OC
"(6R,7R)-7-[(2Z)-2-(2-amino-1,3-thiazol-4-yl)-2-(methoxyimino)acetamido]-3-(methoxymethyl)-8-oxo-5-thia-1-azabicyclo[4.2.0]oct-2-ene-2-carboxylic acid",1,COCC1=C(C(=O)O)N2C(=O)[C@@H](NC(=O)/C(=N\OC)c3csc(N)n3)[C@H]2SC1
"(6R,7R)-7-[(2Z)-2-(2-amino-1,3-thiazol-4-yl)-2-(methoxyimino)acetamido]-3-{[(6-hydroxy-2-methyl-5-oxo-2,5-dihydro-1,2,4-triazin-3-yl)sulfanyl]methyl}-8-oxo-5-thia-1-azabicyclo[4.2.0]oct-2-ene-2-carbox
ylic acid",1,CO/N=C(\C(=O)N[C@@H]1C(=O)N2C(C(=O)O)=C(CSc3nc(=O)c(O)nn3C)CS[C@H]12)c1csc(N)n1
"(2R,3S,4S,5R,6R)-2-(aminomethyl)-6-{[(1R,2R,3S,4R,6S)-4,6-diamino-3-{[(2S,3R,4S,5S,6R)-4-amino-3,5-dihydroxy-6-(hydroxymethyl)oxan-2-yl]oxy}-2-hydroxycyclohexyl]oxy}oxane-3,4,5-triol",1,NC[C@H]1O[C@H](O[C@H]2[C@H](O)[C@@H](O[C@H]3O[C@H](CO)[C@@H](O)[C@H](N)[C@H]3O)[C@H](N)C[C@@H]2N)[C@H](O)[C@@H](O)[C@@H]1O
"(1S,4S,5R,8S,9R,12S,13R)-1,5,9-trimethyl-11,14,15,16-tetraoxatetracyclo[10.3.1.0⁴,¹³.0⁸,¹³]hexadecan-10-one",1,C[C@@H]1CC[C@H]2[C@@H](C)C(=O)O[C@@H]3O[C@@]4(C)CC[C@@H]1[C@]32OO4
"(7S,9E,11S,12R,13S,14R,15R,16R,17S,18S,19E,21Z)-2,15,17,27,29-pentahydroxy-11-methoxy-3,7,12,14,16,18,22-heptamethyl-26-[(1E)-[(4-methylpiperazin-1-yl)imino]methyl]-6,23-dioxo-8,30-dioxa-24-azatetracy
clo[23.3.1.1⁴,⁷.0⁵,²⁸]triaconta-1,3,5(28),9,19,21,25(29),26-octaen-13-yl acetate",1,CO[C@H]1/C=C\O[C@@]2(C)Oc3c(C)c(O)c4c(O)c(c(/C=N/N5CCN(C)CC5)c(O)c4c3C2=O)NC(=O)/C(C)=C\C=C/[C@H](C)[C@H](O)[C@@H](C)[C@@H](O)[C@@H](C)[C@H](OC(C)=O)[C@@H]1C
"(2S,5R,6R)-6-[(2R)-2-amino-2-(4-hydroxyphenyl)acetamido]-3,3-dimethyl-7-oxo-4-thia-1-azabicyclo[3.2.0]heptane-2-carboxylic acid",1,CC1(C)S[C@@H]2[C@H](NC(=O)[C@H](N)c3ccc(O)cc3)C(=O)N2[C@H]1C(=O)O
"(6R,7R)-7-[(2Z)-2-(2-amino-1,3-thiazol-4-yl)-4-carboxybut-2-enamido]-8-oxo-5-thia-1-azabicyclo[4.2.0]oct-2-ene-2-carboxylic acid",1,Nc1nc(/C(=C/CC(=O)O)C(=O)N[C@@H]2C(=O)N3C(C(=O)O)=CCS[C@H]23)cs1
"10-(3,4,5-trimethoxyphenyl)-4,6,13-trioxatetracyclo[7.7.0.0³,⁷.0¹¹,¹⁵]hexadeca-1,3(7),8-trien-12-one",0,COc1cc(C2c3cc4c(cc3CC3COC(=O)C32)OCO4)cc(OC)c1OC
"(2S)-7-fluoro-2-methyl-6-(4-methylpiperazin-1-yl)-10-oxo-4-oxa-1-azatricyclo[7.3.1.0⁵,¹³]trideca-5,7,9(13),11-tetraene-11-carboxylic acid",1,C[C@H]1COc2c(N3CCN(C)CC3)c(F)cc3c(=O)c(C(=O)O)cn1c23
"5-[(E)-2-(4-hydroxyphenyl)ethenyl]benzene-1,3-diol",0,Oc1ccc(/C=C/c2cc(O)cc(O)c2)cc1
"2-(3,4-dihydroxyphenyl)-5,7-dihydroxy-4H-chromen-4-one",0,O=c1cc(-c2ccc(O)c(O)c2)oc2cc(O)cc(O)c12
"(4S,4aS,5aS,6S,12aS)-4-(dimethylamino)-6,10,12,12a-tetrahydroxy-6-methyl-1,3,11-trioxo-1,2,3,4,4a,5,5a,6,11,12a-decahydrotetracene-2-carboxamide",1,CN(C)[C@@H]1C(O)=C(C(N)=O)C(=O)[C@@]2(O)C(O)=C3C(=O)c4c(O)cccc4[C@@](C)(O)[C@H]3C[C@@H]12
"5-[(3,4,5-trimethoxyphenyl)methyl]pyrimidine-2,4-diamine",0,COc1cc(Cc2cnc(N)nc2N)cc(OC)c1OC
"(2S,5R,6R)-6-[(2R)-2-amino-2-phenylacetamido]-3,3-dimethyl-7-oxo-4-thia-1-azabicyclo[3.2.0]heptane-2-carboxylic acid",0,CC1(C)S[C@@H]2[C@H](NC(=O)[C@H](N)c3ccccc3)C(=O)N2[C@H]1C(=O)O
"(4S,4aR,5S,5aR,6R,12aS)-4-(dimethylamino)-5,10,12,12a-tetrahydroxy-6-methyl-1,3,11-trioxo-1,2,3,4,4a,5,5a,6,11,12a-decahydrotetracene-2-carboxamide",0,C[C@H]1c2cccc(O)c2C(=O)C2=C(O)[C@]3(O)C(=O)C(C(N)=O)=C(O)[C@@H](N(C)C)[C@@H]3[C@@H](O)[C@@H]21
"(2S,5R,6R)-3,3-dimethyl-7-oxo-6-(2-phenylacetamido)-4-thia-1-azabicyclo[3.2.0]heptane-2-carboxylic acid",0,CC1(C)S[C@@H]2[C@H](NC(=O)Cc3ccccc3)C(=O)N2[C@H]1C(=O)O
"(3R,4S,5S,6R,7R,9R,11R,12R,13S,14R)-6-{[(2S,3R,4S,6R)-4-(dimethylamino)-3-hydroxy-6-methyloxan-2-yl]oxy}-14-ethyl-7,12,13-trihydroxy-4-{[(2R,4R,5S,6S)-5-hydroxy-4-methoxy-4,6-dimethyloxan-2-yl]oxy}-3,
5,7,9,11,13-hexamethyl-1-oxacyclotetradecane-2,10-dione",1,CC[C@H]1OC(=O)[C@H](C)[C@@H](O[C@H]2C[C@@](C)(OC)[C@@H](O)[C@H](C)O2)[C@H](C)[C@@H](O[C@@H]2O[C@H](C)C[C@H](N(C)C)[C@H]2O)[C@](C)(O)C[C@@H](C)C(=O)[C@H](C)[C@@H](O)[C@]1(C)O
"(2R,3S,4R,5R,8R,10R,11R,12S,13S,14R)-11-{[(2S,3R,4S,6R)-4-(dimethylamino)-3-hydroxy-6-methyloxan-2-yl]oxy}-2-ethyl-3,4,10-trihydroxy-13-{[(2R,4R,5S,6S)-5-hydroxy-4-methoxy-4,6-dimethyloxan-2-yl]oxy}-3
,5,6,8,10,12,14-heptamethyl-1-oxa-6-azacyclopentadecan-15-one",0,CC[C@H]1OC(=O)[C@H](C)[C@@H](O[C@H]2C[C@@](C)(OC)[C@@H](O)[C@H](C)O2)[C@H](C)[C@@H](O[C@@H]2O[C@H](C)C[C@H](N(C)C)[C@H]2O)[C@](C)(O)C[C@@H](C)CN(C)[C@H](C)[C@@H](O)[C@]1(C)O
"(1R,3S,5R,8R,10R,11S,12S,13R,14S)-8,12,14-trihydroxy-5-methyl-11,13-bis(methylamino)-2,4,9-trioxatricyclo[8.4.0.0³,⁸]tetradecan-7-one",0,CN[C@@H]1[C@H](O)[C@H](NC)[C@H]2O[C@@]3(O)C(=O)C[C@@H](C)O[C@H]3O[C@@H]2[C@H]1O
"1-cyclopropyl-6-fluoro-4-oxo-7-(piperazin-1-yl)-1,4-dihydroquinoline-3-carboxylic acid",0,O=C(O)c1cn(C2CC2)c2cc(N3CCNCC3)c(F)cc2c1=O
"disodium {5-[(Z)-2-(3,5-diiodo-4-methoxyphenyl)ethenyl]-2-methoxyphenoxy}phosphonic acid",0,COc1ccc(/C=C\c2cc(I)c(OC)c(I)c2)cc1OP(=O)([O-])[O-]