IUPAC,SMILES,Active,Molecular_Weight,ROMol
"7-[(4aS,7aS)-octahydro-1H-pyrrolo[3,4-b]pyridin-6-yl]-1-cyclopropyl-6-fluoro-8-methoxy-4-oxo-1,4-dihydroquinoline-3-carboxylic acid",COc1c(N2C[C@@H]3CCCN[C@@H]3C2)c(F)cc2c(=O)c(C(=O)O)cn(C3CC3)c12,1,401.431,<rdkit.Chem.rdchem.Mol object at 0x7a73e26a3990>
"(6R,7R)-7-[(2Z)-2-(2-amino-1,3-thiazol-4-yl)-2-[(carboxymethoxy)imino]acetamido]-3-ethenyl-8-oxo-5-thia-1-azabicyclo[4.2.0]oct-2-ene-2-carboxylic acid",C=CC1=C(C(=O)O)N2C(=O)[C@H]([C@H]2SC1)NC(=O)/C(=N\OCC(=O)O)/C3=CSC(=N3)N,1,453.45,<rdkit.Chem.rdchem.Mol object at 0x7a73e26a3b50>
"N-[4-[2-(pyridin-3-yl)-1,3-thiazol-4-yl]phenyl]acetamide",CC(=O)NC1=CC=C(C=C1)C2=CSC(=N2)C3=CN=CC=C3,0,295.359,<rdkit.Chem.rdchem.Mol object at 0x7a73e26a3a70>
N-[2-(2-[[(1S)-5-amino-1-[(1-[[2-(2-[[(1S)-1-([1-[(2-[2-[([[(2S)-6-amino-1-(2-[[(1S)-5-amino-1-[[(1S)-5-amino-1-[[(1S)-5-amino-1-[[(1S)-5-amino-1-carbamoylpentyl]carbamoyl]pentyl]carbamoyl]pentyl]carbamoyl]pentyl]carbamoyl]-octahydro-1H-indol-1-yl)-1-oxohexan-2-yl]carbamoyl]methyl)carbamoyl]-octahydro-1H-indol-1-yl]-2-oxoethyl)carbamoyl]cyclohexyl]carbamoyl)-2-phenylethyl]carbamoyl]-octahydro-1H-indol-1-yl)-2-oxoethyl]carbamoyl]cyclohexyl)carbamoyl]pentyl]carbamoyl]-octahydro-1H-indol-1-yl)-2-oxoethyl]-1-[(2S)-2-(2-acetamidoacetamido)-3-phenylpropanamido]cyclohexane-1-carboxamide,CC(=O)NCC(=O)N[C@@H](CC1=CC=CC=C1)C(=O)NC2(CCCCC2)C(=O)NCC(=O)N3C4=C(C=CC=C4)C=C3C(=O)N[C@@H](CCCCN)C(=O)NC5(CCCCC5)C(=O)NCC(=O)N6C7=C(C=CC=C7)C=C6C(=O)N[C@@H](CC8=CC=CC=C8)C(=O)NC9(CCCCC9)C(=O)NCC(=O)N%10C%11=C(C=CC=C%11)C=C%10C(=O)NCC(=O)N[C@@H](CCCCN)C(=O)N%12C%13=C(C=CC=C%13)C=C%12C(=O)N[C@@H](CCCCN)C(=O)N[C@@H](CCCCN)C(=O)N[C@@H](CCCCN)C(=O)N[C@@H](CCCCN)C(=O)N,0,2388.03,<rdkit.Chem.rdchem.Mol object at 0x7a73e26dc0b0>
"N-[2-(3-[[(1S)-5-amino-1-[(1-[[2-(3-[[(1S)-1-([1-[(2-[3-[([[(2S)-6-amino-1-(3-[[(1S)-5-amino-1-[[(1S)-5-amino-1-[[(1S)-5-amino-1-[[(1S)-5-amino-1-carbamoylpentyl]carbamoyl]pentyl]carbamoyl]pentyl]carbamoyl]pentyl]carbamoyl]-1,2,3,4-tetrahydroisoquinolin-2-yl)-1-oxohexan-2-yl]carbamoyl]methyl)carbamoyl]-1,2,3,4-tetrahydroisoquinolin-2-yl]-2-oxoethyl)carbamoyl]cyclohexyl]carbamoyl)-2-phenylethyl]carbamoyl]-1,2,3,4-tetrahydroisoquinolin-2-yl)-2-oxoethyl]carbamoyl]cyclohexyl)carbamoyl]pentyl]carbamoyl]-1,2,3,4-tetrahydroisoquinolin-2-yl)-2-oxoethyl]-1-[(2S)-2-(2-acetamidoacetamido)-3-phenylpropanamido]cyclohexane-1-carboxamide",CC(=O)NCC(=O)N[C@@H](CC1=CC=CC=C1)C(=O)NC2(CCCCC2)C(=O)NCC(=O)N3CC4=C(C=CC=C4)CC3C(=O)N[C@@H](CCCCN)C(=O)NC5(CCCCC5)C(=O)NCC(=O)N6CCC7=C(C=CC=C7)C6,0,2419.95,<rdkit.Chem.rdchem.Mol object at 0x7a73e26dc270>
(2S)-6-amino-N-[(1S)-5-amino-1-[[(1S)-5-amino-1-[[(1S)-5-amino-1-carbamoylpentyl]carbamoyl]pentyl]carbamoyl]pentyl]-2-([1-[(2S)-6-amino-2-[2-([1-[2-([1-[(2S)-2-([1-[2-([1-[(2S)-6-amino-2-([1-[2-([1-[(2S)-2-(2-acetamidoacetamido)-3-phenylpropanamido]cyclopentyl]formamido)acetamido]cyclopentyl]formamido)hexanamido]cyclopentyl]formamido)acetamido]cyclopentyl]formamido)-3-phenylpropanamido]cyclopentyl]formamido)acetamido]cyclopentyl]formamido)acetamido]hexanamido]cyclopentyl]formamido)hexanamide,CC(=O)NCC(=O)N[C@@H](CC1=CC=CC=C1)C(=O)NC2(CCCC2)C(=O)NCC(=O)NC3(CCCC3)N[C@@H](CCCCN)C(=O)NC4(CCCC4)C(CCCC5)(C(=O)NCC(=O)NC6(CCCC6)C(=O)N[C@@H](CCCCN)C(=O)NC7(CCCC7)[C@H](CCCCN)NC=O)NC=O,0,2185.7,<rdkit.Chem.rdchem.Mol object at 0x7a73e26dc3c0>
3-amino-N-[2-amino-1-([2-amino-1-[(2-amino-1-carbamoylethyl)carbamoyl]ethyl]carbamoyl)ethyl]-2-[(1-[3-amino-2-[2-([1-[2-([1-[(2S)-2-([1-[2-([1-[3-amino-2-([1-[2-([1-[(2S)-2-(2-acetamidoacetamido)-3-phenylpropanamido]cyclohexyl]formamido)acetamido]cyclohexyl]formamido)propanamido]cyclohexyl]formamido)acetamido]cyclohexyl]formamido)-3phenylpropanamido]cyclohexyl]formamido)acetamido]cyclohexyl]formamido)acetamido]propanamido]cyclohexyl)formamido]propanamide,CC(=O)NCC(=O)N[C@@H](CC1=CC=CC=C1)C(=O)NC2(CCCCC2)NC(=O)CNC3(CCCCC3)NC(CN)C(=O)NC4(CCCCC4)C(CCCCC5)(NC=O)NC(=O)CNC=O)NC6(CCCCC6)NC(=O)CNC=O)C7(CCCCC7)NC(=O)CNCC(=O)NC(CN)C(=O)NC8(CCCCC8)C(=O)NC(CN)C(=O)NC(CN)C(=O)N,0,2031.41,<rdkit.Chem.rdchem.Mol object at 0x7a73e26dc510>
(2S)-5-carbamimidamido-N-[(1S)-4-carbamimidamido-1-[[(1S)-4-carbamimidamido-1-[[(1S)-4-carbamimidamido-1-carbamoylbutyl]carbamoyl]butyl]carbamoyl]butyl]-2-([1-[(2S)-5-carbamimidamido-2-[2-([1-[2-([1-[(2S)-2-([1-[2-([1-[(2S)-5-carbamimidamido-2-([1-[2-([1-[(2S)-2-(2acetamidoacetamido)-3phenylpropanamido]cyclopentyl]formamido)acetamido]cyclopentyl]formamido)pentanamido]cyclopentyl]formamido)acetamido]cyclopentyl]formamido)-3phenylpropanamido]cyclopentylformamido)acetamido]cyclopentyl]formamido)acetamido]pentanamido]cyclopentyl]formamido)pentanamide,CC(=O)NCC(=O)N[C@@H](CC1=CC=CC=C1)C(=O)NC2(CCCC2)NC=O)NC(=O)CNC3(CCCC3)NC(=O)[C@H](CCCNC(=N)N)NC(=O)CNC4(CCCC4)C5(CCCC5)NC(=O)CNCC(=O)N[C@@H](CCCNC(=N)N)C(=O)NC6(CCCC6)NC(=O)[C@H](CCCNC(=N)N)NC(=O)CNC(=O)C7(CCCC7)NC(=O)CNC(=O)CNC8(CCCC8)NC(=O)[C@H](CCCNC(=N)N)NC(=O)CNC(=N)N,0,2353.78,<rdkit.Chem.rdchem.Mol object at 0x7a73e26dc660>
(2S)-6-amino-N-[(1S)-5-amino-1-[[(1S)-5-amino-1-[[(1S)-5-amino-1-carbamoylpentyl]carbamoyl]pentyl]carbamoyl]pentyl]-2-([1-[(2S)-6-amino-2-[2-([1-[2-([1-[(2S)-2-([1-[2-([1-[(2S)-6-amino-2-([1-[2-([1-[(2S)-2-(2-acetamidoacetamido)-3-phenylpropanamido]cyclopentyl]formamido)acetamido]cyclohexyl]formamido)hexanamido]cyclopentyl]formamido)acetamido]cyclohexyl]formamido)-3-phenylpropanamido]cyclopentyl]formamido)acetamido]cyclohexyl]formamido)acetamido]hexanamido]cyclopentyl]formamido)hexanamide,CC(=O)NCC(=O)N[C@@H](CC1=CC=CC=C1)C(=O)NC2(CCCC2)C(=O)NCC(=O)N[C@@H](CCCCN)C(=O)NC3(CCCC3)C(CCCCCN)(NC=O)NC(=O)NCC(=O)NC4(CCCC4)C(CC5=CC=CC=C5)N[C@@H](CC6=CC=CC=C6)C(=O)NC7(CCCC7)NC(=O)NCC(=O)N[C@@H](CCCCN)C(=O)NC8(CCCC8)[C@H](CCCCN)C(=O)N[C@@H](CCCCN)C(=O)N[C@@H](CCCCN)C(=O)N,0,2227.78,<rdkit.Chem.rdchem.Mol object at 0x7a73e26dc7b0>
"(2E)-N-[(1S)-2-(3,5-difluorophenyl)-1-[[(3S,9S,13S,15R,19S,22S)-19-ethyl-15-methyl-2,8,12,18,21-pentaoxo-11-oxa-1,7,17,20-tetraazapentacyclotriaconta-23,25,27-t
rien-9-yl]carbamoyl]ethyl]hept-2-enamide",CCCC/C=C/C(=O)N[C@@H](CC1=CC(=CC(=C1)F)F)C(=O)N[C@H]2COC(=O)[C@@H](C)C[C@@H](C)CNC(=O)[C@H](CC)NC(=O)[C@H]3C=CC=CC=CCCNC(=O)[C@H](CCCNC2=O)NC(=O)[C@H](CC4=CC(=CC(=C4)F)F)NC(=O)/C=C/CCCC,1,832.932,<rdkit.Chem.rdchem.Mol object at 0x7a73e26dc900>
"(2E)-N-[(1S)-2-(3,5-difluorophenyl)-1-[[(3S,9S,13S,15R,19S,22S)-15,19-dimethyl-2,8,12,18,21-pentaoxo-1,7,11,17,20-pentaazatetracyclohexacosan-9-yl]carbamoyl]ethyl]hept-2-en
amide",CCCC/C=C/C(=O)N[C@@H](CC1=CC(=CC(=C1)F)F)C(=O)N[C@H]2[C@H](C)OC(=O)[C@H]3CCCNC(=O)[C@H](C)NC(=O)[C@H](CCCCNC(=O)[C@H](CCCNC2=O)C)C,1,769.878,<rdkit.Chem.rdchem.Mol object at 0x7a73e26dca50>
"(2E)-N-[(1S)-2-(3,5-difluorophenyl)-1-[[(3S,9S,10S,13S,19S,22S)-10,19-dimethyl-2,8,12,18,21-pentaoxo-11-oxa-1,7,17,20-tetraazatetracyclohexacosan-9-yl]carbamoyl]ethyl]hept-
2-enamide",CCCC/C=C/C(=O)N[C@@H](CC1=CC(=CC(=C1)F)F)C(=O)N[C@H]2[C@H](C)OC(=O)[C@H]3CCCNC(=O)[C@H](C)NC(=O)[C@H](CCCCNC(=O)[C@H](CCCNC2=O)C)C,1,770.862,<rdkit.Chem.rdchem.Mol object at 0x7a73e26dcba0>
"(2E)-N-[(1S)-1-[[(3S,9S,13S,15R,19S,22S)-19-ethyl-15-methyl-2,8,12,18,21-pentaoxo-11-oxa-1,7,17,20-tetraazatetracyclohexacosan-9-yl]carbamoyl]-2-(naphthalen-2-yl)ethyl]hept
-2-enamide",CCCC/C=C/C(=O)N[C@@H](CC1=CC2=C(C=CC=C2)C=C1)C(=O)N[C@H]3COC(=O)[C@@H](C)C[C@@H](C)CNC(=O)[C@H](CC)NC(=O)CCCCNC(=O)[C@H]4CCCCNC3=O,0,798.967,<rdkit.Chem.rdchem.Mol object at 0x7a73e26dccf0>
"(2E)-N-[(1S)-2-(3,5-difluorophenyl)-1-[[(3S,9S,13S,15R,19S,22S)-15-methyl-2,8,12,18,21-pentaoxo-19-propyl-11-oxa-1,7,17,20-tetraazatetracyclohexacosan-9-yl]carbamoyl]ethyl]
hept-2-enamide",CCCC/C=C/C(=O)N[C@@H](CC1=CC(=CC(=C1)F)F)C(=O)N[C@H]2COC(=O)[C@@H](C)C[C@@H](C)CNC(=O)[C@H](CCC)NC(=O)CCCCNC(=O)[C@H](CCCNC2=O)C,1,798.916,<rdkit.Chem.rdchem.Mol object at 0x7a73e26dce40>
"(2E)-N-[(1S)-2-(3,5-difluorophenyl)-1-[[(3S,9S,10S,13S,15R,19S,22S,24S)-10,15,19,24-tetramethyl-2,8,12,18,21-pentaoxo-11-oxa-1,7,17,20-tetraazatetracyclohexacosan-9-yl]carb
amoyl]ethyl]hept-2-enamide",CCCC/C=C/C(=O)N[C@@H](CC1=CC(=CC(=C1)F)F)C(=O)N[C@H]2[C@H](C)OC(=O)[C@H](C)C[C@@H](C)CNC(=O)[C@H](C)NC(=O)[C@@H](C)CCNC(=O)[C@H]3CCCNC2=O,1,798.916,<rdkit.Chem.rdchem.Mol object at 0x7a73e26dcf90>
"(2E)-N-[(1S)-2-cyclohexyl-1-[[(3S,9S,13S,15R,19S,22S)-19-ethyl-15-methyl-2,8,12,18,21-pentaoxo-11-oxa-1,7,17,20-tetraazatetracyclohexacosan-9-yl]carbamoyl]ethyl]hept-2-enamide",CCCC/C=C/C(=O)N[C@@H](CC1CCCCC1)C(=O)N[C@H]2COC(=O)[C@@H](C)C[C@@H](C)CNC(=O)[C@H](CC)NC(=O)CCCCNC(=O)[C@H]3CCCNC2=O,0,754.956,<rdkit.Chem.rdchem.Mol object at 0x7a73e26dd0e0>
"(2E)-N-[(1S)-2-(3,5-difluorophenyl)-1-[[(1S,7S,10S,14R,16S,20S)-10-ethyl-14-methyl-2,8,11,17,21-pentaoxo-18-oxa-3,9,12,22-tetraazatetracyclopentacosan-20-yl]carbamoyl]ethyl
]hept-2-enamide",CCCC/C=C/C(=O)N[C@@H](CC1=CC(=CC(=C1)F)F)C(=O)N[C@H]2COC(=O)[C@@H](C)C[C@@H](C)CNC(=O)[C@H](CC)NC(=O)[C@@H]3CCCNC(=O)[C@@H]3CCCNC2=O,1,770.862,<rdkit.Chem.rdchem.Mol object at 0x7a73e26dd230>
"(2E)-N-[(1S)-2-(3,5-difluorophenyl)-1-[[(3S,9S,10S,13S,19S,22S,24S)-10,19,24-trimethyl-2,8,12,18,21-pentaoxo-11-oxa-1,7,17,20-tetraazatetracyclohexacosan-9-yl]carbamoyl]eth
yl]hept-2-enamide",CCCC/C=C/C(=O)N[C@@H](CC1=CC(=CC(=C1)F)F)C(=O)N[C@H]2[C@H](C)OC(=O)[C@H]3CCCNC(=O)[C@H](C)NC(=O)[C@@H](C)CC[C@H](C)CCNC(=O)[C@H](CCCNC2=O)C,1,784.889,<rdkit.Chem.rdchem.Mol object at 0x7a73e26dd380>
"(2E)-4-cyclohexyl-N-[(1S)-2-(3,5-difluorophenyl)-1-[[(3S,9S,10S,13S,15R,19S,22S)-10,15,19-trimethyl-2,8,12,18,21-pentaoxo-11-oxa-1,7,17,20-tetraazatetracyclohexacosan-9-yl]
carbamoyl]ethyl]but-2-enamide",C[C@@H]1C[C@H](C(=O)O[C@@H](C)[C@@H](C(=O)NCCC[C@@H]C(=O)NCCCC[C@@H](C(=O)N[C@@H](C)C(=O)NC1)NC(=O)[C@H](CC2=CC(=CC(=C2)F)F)NC(=O)/C=C/CC3CCCCC3)NC(=O)/C=C/CC4CCCCC4)C,1,824.953,<rdkit.Chem.rdchem.Mol object at 0x7a73e26dd4d0>
"(2E)-4-cyclopropyl-N-[(1S)-2-(3,5-difluorophenyl)-1-[[(3S,9S,10S,13S,15R,19S,22S)-10,15,19-trimethyl-2,8,12,18,21-pentaoxo-11-oxa-1,7,17,20-tetraazatetracyclohexacosan-9-yl
]carbamoyl]ethyl]but-2-enamide",C[C@@H]1C[C@H](C(=O)O[C@@H](C)[C@@H](C(=O)NCCC[C@@H]C(=O)NCCCC[C@@H](C(=O)N[C@@H](C)C(=O)NC1)NC(=O)[C@H](CC2=CC(=CC(=C2)F)F)NC(=O)/C=C/CC3CC3)NC(=O)/C=C/CC4CC4)C,1,782.873,<rdkit.Chem.rdchem.Mol object at 0x7a73e26dd620>
"(2E)-N-[(1S)-2-(3,5-difluorophenyl)-1-[[(3S,9S,10S,13S,15R,19S,22S)-10,15,19-trimethyl-2,8,12,18,21-pentaoxo-11-oxa-1,7,17,20-tetraazatetracyclohexacosan-9-yl]carbamoyl]eth
yl]hept-2-enamide",CCCC/C=C/C(=O)N[C@@H](CC1=CC(=CC(=C1)F)F)C(=O)N[C@H]2[C@H](C)OC(=O)[C@@H](C)C[C@@H](C)CNC(=O)[C@H](C)NC(=O)CCCCNC(=O)[C@H]3CCCNC2=O,1,784.889,<rdkit.Chem.rdchem.Mol object at 0x7a73e26dd770>
"(2E)-N-[(1S)-2-(3,5-difluorophenyl)-1-[[(3S,9S,13S,15R,19S,22S,24S)-15,19,24-trimethyl-2,8,12,18,21-pentaoxo-11-oxa-1,7,17,20-tetraazatetracyclohexacosan-9-yl]carbamoyl]eth
yl]hept-2-enamide",CCCC/C=C/C(=O)N[C@@H](CC1=CC(=CC(=C1)F)F)C(=O)N[C@H]2COC(=O)[C@@H](C)C[C@@H](C)CNC(=O)[C@H](C)NC(=O)[C@@H](C)CCNC(=O)[C@H]3CCCNC2=O,1,784.889,<rdkit.Chem.rdchem.Mol object at 0x7a73e26dd8c0>
"(2E)-N-[(1S)-2-(3,5-difluorophenyl)-1-[[(3S,9S,13S,15R,19S,22S)-15,19-dimethyl-2,8,12,18,21-pentaoxo-11-oxa-1,7,17,20-tetraazatetracyclohexacosan-9-yl]carbamoyl]ethyl]hept-
2-enamide",CCCC/C=C/C(=O)N[C@@H](CC1=CC(=CC(=C1)F)F)C(=O)N[C@H]2COC(=O)[C@@H](C)C[C@@H](C)CNC(=O)[C@H](C)NC(=O)CCCCNC(=O)[C@H](CCCNC2=O)C,1,770.862,<rdkit.Chem.rdchem.Mol object at 0x7a73e26dda10>
"(2E)-N-[(1S)-2-(1-benzothiophen-3-yl)-1-[[(3S,9S,13S,15R,19S,22S)-19-ethyl-15-methyl-2,8,12,18,21-pentaoxo-11-oxa-1,7,17,20-tetraazatetracyclohexacosan-9-yl]carbamoyl]ethyl
]hept-2-enamide",CCCC/C=C/C(=O)N[C@@H](CC1=CSC2=C1C=CC=C2)C(=O)N[C@H]3COC(=O)[C@@H](C)C[C@@H](C)CNC(=O)[C@H](CC)NC(=O)CCCCNC(=O)[C@H]4CCCNC3=O,0,804.994,<rdkit.Chem.rdchem.Mol object at 0x7a73e26ddb60>
"(2E,4E)-N-[(1S)-2-(3,5-difluorophenyl)-1-[[(3S,9S,10S,13S,15R,19S,22S)-10,15,19-trimethyl-2,8,12,18,21-pentaoxo-11-oxa-1,7,17,20-tetraazatetracyclohexacosan-9-yl]carbamoyl]
ethyl]octa-2,4-dienamide",CCC/C=C/C=C/C(=O)N[C@@H](CC1=CC(=CC(=C1)F)F)C(=O)N[C@H]2[C@H](C)OC(=O)[C@@H](C)C[C@@H](C)CNC(=O)[C@H](C)NC(=O)CCCCNC(=O)[C@H]3CCCNC2=O,1,796.9,<rdkit.Chem.rdchem.Mol object at 0x7a73e26ddcb0>
"(2E)-N-[(1S)-1-[[(3S,9S,13S,15R,19S,22S)-19-ethyl-15-methyl-2,8,12,18,21-pentaoxo-11-oxa-1,7,17,20-tetraazatetracyclohexacosan-9-yl]carbamoyl]-2-(2,3,4,5,6-pentafluoropheny
l)ethyl]hept-2-enamide",CCCC/C=C/C(=O)N[C@@H](CC1=C(C(=C(C(=C1F)F)F)F)F)C(=O)N[C@H]2COC(=O)[C@@H](C)C[C@@H](C)CNC(=O)[C@H](CC)NC(=O)CCCCNC(=O)[C@H]3CCCCNC2=O,0,838.86,<rdkit.Chem.rdchem.Mol object at 0x7a73e26dde00>
"(6E)-7-[[(1S)-2-(3,5-difluorophenyl)-1-[[(3S,9S,10S,13S,15R,19S,22S)-10,15,19-trimethyl-2,8,12,18,21-pentaoxo-11-oxa-1,7,17,20-tetraazatetracyclohexacosan-9-yl]carbamoyl]et
hyl]carbamoyl]hept-6-enoic acid",C[C@@H]1C[C@H](C(=O)O[C@@H](C)[C@@H](C(=O)NCCC[C@@H]C(=O)NCCCC[C@@H](C(=O)N[C@@H](C)C(=O)NC1)NC(=O)[C@H](CC2=CC(=CC(=C2)F)F)NC(=O)/C=C/CCCCC(=O)O)NC(=O)O)C,1,828.898,<rdkit.Chem.rdchem.Mol object at 0x7a73e26ddf50>
"(2E)-N-[(1S)-2-(3,5-difluorophenyl)-1-[[(3S,7S,9R,13S,16S,19S)-13-ethyl-9,16,17-trimethyl-2,6,12,15,18-pentaoxo-5-oxa-1,11,14,17-tetraazatricyclodocosan-3-yl]carbamoyl]ethyl]hept-2-enamide",CCCC/C=C/C(=O)N[C@@H](CC1=CC(=CC(=C1)F)F)C(=O)N[C@H]2COC(=O)[C@H]3C[C@@H](C)CNC(=O)[C@H](CC)NC(=O)[C@H](C)N(C)C(=O)[C@H](CCCCNC2=O)N,1,758.852,<rdkit.Chem.rdchem.Mol object at 0x7a73e26de0a0>
"(2E,4E)-N-[(1S)-2-phenyl-1-[[(3S,7S,9R,13S,16S,19S)-9,13,16,17-tetramethyl-2,6,12,15,18-pentaoxo-5-oxa-1,11,14,17-tetraazatricyclodocosan-3-yl]carbamoyl]ethyl]octa-2,4-dienamide",CCC/C=C/C=C/C(=O)N[C@@H](CC1=CC=CC=C1)C(=O)N[C@H]2COC(=O)[C@H](C[C@@H](C)CNC(=O)[C@H](C)NC(=O)[C@H](C)N(C)C(=O)[C@H]CCCNC2=O)C,1,720.855,<rdkit.Chem.rdchem.Mol object at 0x7a73e26de1f0>
16-[(1-methyl-5-nitro-1H-imidazol-2-yl)sulfanyl]hexadecanoic acid,CN1C(=CN=C1SCCCCCCCCCCCCCCCC(=O)O)[N+](=O)[O-],0,413.575,<rdkit.Chem.rdchem.Mol object at 0x7a73e26de340>
12-[(1-methyl-5-nitro-1H-imidazol-2-yl)sulfanyl]dodecanoic acid,CN1C(=CN=C1SCCCCCCCCCCCC(=O)O)[N+](=O)[O-],0,357.468,<rdkit.Chem.rdchem.Mol object at 0x7a73e26de490>
methyl 11-[(1-methyl-5-nitro-1H-imidazol-2-yl)sulfonyl]undecanoate,CN1C(=CN=C1S(=O)(=O)CCCCCCCCCCC(=O)OC)[N+](=O)[O-],0,389.467,<rdkit.Chem.rdchem.Mol object at 0x7a73e26de5e0>
methyl 11-[(1-methyl-5-nitro-1H-imidazol-2-yl)sulfinyl]undecanoate,CN1C(=CN=C1S(=O)CCCCCCCCCCC(=O)OC)[N+](=O)[O-],0,373.468,<rdkit.Chem.rdchem.Mol object at 0x7a73e26de7a0>
methyl 11-[(1-methyl-5-nitro-1H-imidazol-2-yl)sulfanyl]undecanoate,CN1C(=CN=C1SCCCCCCCCCCC(=O)OC)[N+](=O)[O-],0,357.468,<rdkit.Chem.rdchem.Mol object at 0x7a73e26de8f0>
11-[(1-methyl-5-nitro-1H-imidazol-2-yl)sulfinyl]undecanoic acid,CN1C(=CN=C1S(=O)CCCCCCCCCCC(=O)O)[N+](=O)[O-],0,359.441,<rdkit.Chem.rdchem.Mol object at 0x7a73e26dea40>
11-[(1-methyl-5-nitro-1H-imidazol-2-yl)sulfanyl]undecanoic acid,CN1C(=CN=C1SCCCCCCCCCCC(=O)O)[N+](=O)[O-],1,343.442,<rdkit.Chem.rdchem.Mol object at 0x7a73e26deb90>
11-[(1-methyl-1H-imidazol-2-yl)sulfanyl]undecanoic acid hydrobromide,CN1C=CN=C1SCCCCCCCCCCC(=O)O,0,298.444,<rdkit.Chem.rdchem.Mol object at 0x7a73e26ded50>
10-[(1-methyl-5-nitro-1H-imidazol-2-yl)sulfanyl]decanoic acid,CN1C(=CN=C1SCCCCCCCCCC(=O)O)[N+](=O)[O-],1,329.415,<rdkit.Chem.rdchem.Mol object at 0x7a73e26def10>
9-[(1-methyl-5-nitro-1H-imidazol-2-yl)sulfanyl]nonanoic acid,CN1C(=CN=C1SCCCCCCCCC(=O)O)[N+](=O)[O-],1,315.389,<rdkit.Chem.rdchem.Mol object at 0x7a73e26df060>
8-[(1-methyl-5-nitro-1H-imidazol-2-yl)sulfanyl]octanoic acid,CN1C(=CN=C1SCCCCCCCC(=O)O)[N+](=O)[O-],1,301.362,<rdkit.Chem.rdchem.Mol object at 0x7a73e26df220>
7-[(1-methyl-4-nitro-1H-imidazol-2-yl)sulfanyl]heptanoic acid,CN1C=C(N=C1SCCCCCCC(=O)O)[N+](=O)[O-],0,287.335,<rdkit.Chem.rdchem.Mol object at 0x7a73e26df3e0>
7-[(1-methyl-5-nitro-1H-imidazol-2-yl)sulfanyl]heptanoic acid,CN1C(=CN=C1SCCCCCCC(=O)O)[N+](=O)[O-],1,287.335,<rdkit.Chem.rdchem.Mol object at 0x7a73e26df5a0>
6-[(1-methyl-5-nitro-1H-imidazol-2-yl)sulfanyl]hexanoic acid,CN1C(=CN=C1SCCCCCC(=O)O)[N+](=O)[O-],1,273.309,<rdkit.Chem.rdchem.Mol object at 0x7a73e26df760>
5-[(1-methyl-5-nitro-1H-imidazol-2-yl)sulfonyl]pentanoic acid,CN1C(=CN=C1S(=O)(=O)CCCCC(=O)O)[N+](=O)[O-],0,291.281,<rdkit.Chem.rdchem.Mol object at 0x7a73e26df920>
5-[(1-methyl-5-nitro-1H-imidazol-2-yl)sulfinyl]pentanoic acid,CN1C(=CN=C1S(=O)CCCCC(=O)O)[N+](=O)[O-],0,275.282,<rdkit.Chem.rdchem.Mol object at 0x7a73e26dfae0>
5-[(1-methyl-5-nitro-1H-imidazol-2-yl)sulfanyl]pentanoic acid,CN1C(=CN=C1SCCCCC(=O)O)[N+](=O)[O-],1,259.282,<rdkit.Chem.rdchem.Mol object at 0x7a73e26dfca0>
3-[(1-methyl-5-nitro-1H-imidazol-2-yl)sulfonyl]propanoic acid,CN1C(=CN=C1S(=O)(=O)CCC(=O)O)[N+](=O)[O-],0,263.228,<rdkit.Chem.rdchem.Mol object at 0x7a73e26dfe60>
3-[(1-methyl-5-nitro-1H-imidazol-2-yl)sulfinyl]propanoic acid,CN1C(=CN=C1S(=O)CCC(=O)O)[N+](=O)[O-],0,247.228,<rdkit.Chem.rdchem.Mol object at 0x7a73e26ec0b0>
3-[(1-methyl-5-nitro-1H-imidazol-2-yl)sulfanyl]propanoic acid,CN1C(=CN=C1SCCC(=O)O)[N+](=O)[O-],0,231.229,<rdkit.Chem.rdchem.Mol object at 0x7a73e26ec270>
ethyl 4-([10-[(1-methyl-5-nitro-1H-imidazol-2-yl)sulfanyl]decyl]oxy)-3-nitrobenzoate,CCOC(=O)C1=CC=C(C(=C1)[N+](=O)[O-])OCCCCCCCCCCSC2=NC=C(N2C)[N+](=O)[O-],0,508.588,<rdkit.Chem.rdchem.Mol object at 0x7a73e26ec430>
1-methyl-5-nitro-2-[7-(2-nitrophenoxy)heptanesulfonyl]-1H-imidazole,CN1C(=CN=C1S(=O)(=O)CCCCCCCOC2=C(C=CC=C2)[N+](=O)[O-])[N+](=O)[O-],0,426.444,<rdkit.Chem.rdchem.Mol object at 0x7a73e26ec5f0>
1-methyl-5-nitro-2-[7-(2-nitrophenoxy)heptanesulfinyl]-1H-imidazole,CN1C(=CN=C1S(=O)CCCCCCCOC2=C(C=CC=C2)[N+](=O)[O-])[N+](=O)[O-],0,410.445,<rdkit.Chem.rdchem.Mol object at 0x7a73e26ec740>
1-methyl-5-nitro-2-[[7-(2-nitrophenoxy)heptyl]sulfanyl]-1H-imidazole,CN1C(=CN=C1SCCCCCCCOC2=C(C=CC=C2)[N+](=O)[O-])[N+](=O)[O-],0,394.445,<rdkit.Chem.rdchem.Mol object at 0x7a73e26ec890>
ethyl 4-([6-[(1-methyl-5-nitro-1H-imidazol-2-yl)sulfanyl]hexyl]oxy)-3-nitrobenzoate,CCOC(=O)C1=CC=C(C(=C1)[N+](=O)[O-])OCCCCCCSC2=NC=C(N2C)[N+](=O)[O-],0,452.481,<rdkit.Chem.rdchem.Mol object at 0x7a73e26ec9e0>
4-([6-[(1-methyl-5-nitro-1H-imidazol-2-yl)sulfanyl]hexyl]oxy)benzoic acid,CN1C(=CN=C1SCCCCCCOC2=CC=C(C=C2)C(=O)O)[N+](=O)[O-],1,379.431,<rdkit.Chem.rdchem.Mol object at 0x7a73e26ecb30>
4-[4-[(1-methyl-5-nitro-1H-imidazol-2-yl)sulfanyl]butoxy]benzoic acid,CN1C(=CN=C1SCCCCOC2=CC=C(C=C2)C(=O)O)[N+](=O)[O-],0,351.378,<rdkit.Chem.rdchem.Mol object at 0x7a73e26ecc80>
ethyl 4-[4-[(1-methyl-1H-imidazol-2-yl)sulfanyl]butoxy]benzoate,CCOC(=O)C1=CC=C(C=C1)OCCCCSC2=NC=CN2C,0,334.433,<rdkit.Chem.rdchem.Mol object at 0x7a73e26ecdd0>
1-methyl-2-[(4-phenoxybutyl)sulfanyl]-1H-imidazole hydrobromide,CN1C=CN=C1SCCCCOC2=CC=CC=C2,0,262.371,<rdkit.Chem.rdchem.Mol object at 0x7a73e26ecf20>
4-[3-[(1-methyl-5-nitro-1H-imidazol-2-yl)sulfanyl]propoxy]benzoic acid,CN1C(=CN=C1SCCCOC2=CC=C(C=C2)C(=O)O)[N+](=O)[O-],1,337.351,<rdkit.Chem.rdchem.Mol object at 0x7a73e26ed0e0>
sodium 4-[2-[(1-methyl-5-nitro-1H-imidazol-2-yl)sulfanyl]ethoxy]benzoic acid,CN1C(=CN=C1SCCOC2=CC=C(C=C2)C(=O)O)[N+](=O)[O-].[Na+],1,322.316,<rdkit.Chem.rdchem.Mol object at 0x7a73e26ed2a0>
4-[2-[(1-methyl-5-nitro-1H-imidazol-2-yl)sulfinyl]ethoxy]benzoic acid,CN1C(=CN=C1S(=O)CCOC2=CC=C(C=C2)C(=O)O)[N+](=O)[O-],0,339.324,<rdkit.Chem.rdchem.Mol object at 0x7a73e26ed3f0>
4-[2-[(1-methyl-5-nitro-1H-imidazol-2-yl)sulfanyl]ethoxy]benzoic acid,CN1C(=CN=C1SCCOC2=CC=C(C=C2)C(=O)O)[N+](=O)[O-],1,323.324,<rdkit.Chem.rdchem.Mol object at 0x7a73e26ed540>
4-[2-[(1-methyl-1H-imidazol-2-yl)sulfanyl]ethoxy]benzoic acid,CN1C=CN=C1SCCOC2=CC=C(C=C2)C(=O)O,0,278.327,<rdkit.Chem.rdchem.Mol object at 0x7a73e26ed690>
4-[2-[(1-methyl-5-nitro-1H-imidazol-2-yl)sulfinyl]ethoxy]benzonitrile,CN1C(=CN=C1S(=O)CCOC2=CC=C(C=C2)C#N)[N+](=O)[O-],0,320.324,<rdkit.Chem.rdchem.Mol object at 0x7a73e26ed7e0>
4-[2-[(1-methyl-5-nitro-1H-imidazol-2-yl)sulfanyl]ethoxy]benzonitrile,CN1C(=CN=C1SCCOC2=CC=C(C=C2)C#N)[N+](=O)[O-],0,304.324,<rdkit.Chem.rdchem.Mol object at 0x7a73e26ed9a0>
4-[2-[(1-methyl-1H-imidazol-2-yl)sulfanyl]ethoxy]benzonitrile,CN1C=CN=C1SCCOC2=CC=C(C=C2)C#N,0,259.327,<rdkit.Chem.rdchem.Mol object at 0x7a73e26edaf0>
1-methyl-5-nitro-2-[[2-(4-nitrophenoxy)ethyl]sulfanyl]-1H-imidazole,CN1C(=CN=C1SCCOC2=CC=C(C=C2)[N+](=O)[O-])[N+](=O)[O-],0,324.312,<rdkit.Chem.rdchem.Mol object at 0x7a73e26edc40>
1-methyl-2-[[2-(4-nitrophenoxy)ethyl]sulfanyl]-1H-imidazole hydrobromide,CN1C=CN=C1SCCOC2=CC=C(C=C2)[N+](=O)[O-],0,279.315,<rdkit.Chem.rdchem.Mol object at 0x7a73e26ede00>
2-[[2-(4-bromophenoxy)ethyl]sulfanyl}-1-methyl-5-nitro-1H-imidazole,CN1C(=CN=C1SCCOC2=CC=C(C=C2)Br)[N+](=O)[O-],0,358.211,<rdkit.Chem.rdchem.Mol object at 0x7a73e26edf50>
2-[[2-(4-bromophenoxy)ethyl]sulfanyl]-1-methyl-1H-imidazole hydrobromide,CN1C=CN=C1SCCOC2=CC=C(C=C2)Br,0,313.213,<rdkit.Chem.rdchem.Mol object at 0x7a73e26ee0a0>
"(2R,3R,4R,5R)-2-[[(1S,2S,3R,4S,6R)-4,6-diamino-3-[[(2R,3R,6S)-3-amino-6-(1-aminoethyl)oxan-2-yl]oxy]-2-hydroxycyclohexyl]oxy]-5-methyl-4-(methylamino)oxane-3,5-diol; (2R,3R,4R,5R)-2-[[(1S,2S,3R,4S,6R)-4,6-diamino-3-[[(2R,3R,6S)-3-amino-6-(aminomethyl)oxan-2-yl]oxy]-2-hydroxycyclohexyl]oxy]-5-methyl-4-(methylamino)oxane-3,5-diol; (2R,3R,4R,5R)-2-[[(1S,2S,3R,4S,6R)-4,6-diamino-3-[[(2R,3R,6S)-3-amino-6-[1-(methylamino)ethyl]oxan-2-yl]oxy]-2-hydroxycyclohexyl]oxy]-5-methyl-4-(methylamino)oxane-3,5-diol",CC([C@@H]1CC[C@H]([C@H](O1)O[C@@H]2[C@H](C[C@H]([C@@H]([C@H]2O)O[C@@H]3[C@@H]([C@H]([C@](C)(CO3)O)NC)O)N)N)N)NC.CC([C@@H]1CC[C@H]([C@H](O1)O[C@@H]2[C@H](C[C@H]([C@@H]([C@H]2O)O[C@@H]3[C@@H]([C@H]([C@](C)(CO3)O)NC)O)N)N)N)N.C[C@@]1(CO[C@@H]([C@@H]([C@H]1NC)O)O[C@H]2[C@@H](C[C@@H]([C@H]([C@@H]2O)O[C@@H]3[C@@H](CC[C@@H](CN)O3)N)N)N)O,1,477.595,<rdkit.Chem.rdchem.Mol object at 0x7a73e26ee1f0>
"N-[(2E)-5-[(1S,2R,4aR,8aR)-1,2,4a,5-tetramethyl-1,2,3,4,4a,7,8,8a-octahydronaphthalen-1-yl]-3-methylpent-2-en-1-yl]-N-[4-amino-6-(methylamino)pyrimidin-5-yl]formamide",C/C(=C\CN(C=O)C1=C(NC)N=CN=C1N)/CC[C@@]2(C)[C@H](C)CC[C@@]3(C)C(=CCC[C@H]23)C,1,439.637,<rdkit.Chem.rdchem.Mol object at 0x7a73e26ee340>
"N-[(2E)-5-[(1R,2S,4aR,8aS)-1,2,4a,5-tetramethyl-1,2,3,4,4a,7,8,8a-octahydronaphthalen-1-yl]-3-methylpent-2-en-1-yl]-N-[4-amino-6-(methylamino)pyrimidin-5-yl]formamide",C/C(=C\CN(C=O)C1=C(NC)N=CN=C1N)/CC[C@]2(C)[C@@H](C)CC[C@@]3(C)C(=CCC[C@@H]23)C,1,439.637,<rdkit.Chem.rdchem.Mol object at 0x7a73e26ee500>
"N-[(2E,6E)-3,7-dimethyl-9-[(1R,6S)-1,2,6-trimethylcyclohex-2-en-1-yl]nona-2,6-dien-1-yl]-N-[4-(methylamino)-6-[(propan-2-yl)amino]pyrimidin-5-yl]formamide",CC(C)NC1=C(C(=NC=N1)NC)N(C/C=C(\C)/CC/C=C(\C)/CC[C@@]2(C)C(=CCC[C@@H]2C)C)C=O,1,481.716,<rdkit.Chem.rdchem.Mol object at 0x7a73e26ee6c0>
"N-[4-amino-6-(methylamino)pyrimidin-5-yl]-N-[(2E,6E)-3,7-dimethyl-9-[(1R,6S)-1,2,6-trimethylcyclohex-2-en-1-yl]nona-2,6-dien-1-yl]formamide",C/C(=C\CC/C(=C/CN(C=O)C1=C(NC)N=CN=C1N)/C)/CC[C@@]2(C)C(=CCC[C@@H]2C)C,0,439.637,<rdkit.Chem.rdchem.Mol object at 0x7a73e26ee880>
"3-[5-[5-(2,4-difluorophenyl)-4,5-dihydro-1H-pyrazol-3-yl]-4-methyl-1,3-thiazol-2-yl]pyridine",CC1=C(C2=NNC(C2)C3=CC=C(C=C3F)F)SC(=N1)C4=CN=CC=C4,0,356.392,<rdkit.Chem.rdchem.Mol object at 0x7a73e26eea40>
"3-[5-[5-(4-chlorophenyl)-4,5-dihydro-1H-pyrazol-3-yl]-4-methyl-1,3-thiazol-2-yl]pyridine",CC1=C(C2=NNC(C2)C3=CC=C(C=C3)Cl)SC(=N1)C4=CN=CC=C4,0,354.856,<rdkit.Chem.rdchem.Mol object at 0x7a73e26eeb90>
"3-[5-[5-(4-methoxyphenyl)-4,5-dihydro-1H-pyrazol-3-yl]-4-methyl-1,3-thiazol-2-yl]pyridine",CC1=C(C2=NNC(C2)C3=CC=C(C=C3)OC)SC(=N1)C4=CN=CC=C4,0,350.437,<rdkit.Chem.rdchem.Mol object at 0x7a73e26eece0>
"3-[4-methyl-5-(5-phenyl-4,5-dihydro-1H-pyrazol-3-yl)-1,3-thiazol-2-yl]pyridine",CC1=C(C2=NNC(C2)C3=CC=CC=C3)SC(=N1)C4=CN=CC=C4,0,320.411,<rdkit.Chem.rdchem.Mol object at 0x7a73e26eee30>
"(2E)-3-(2,4-difluorophenyl)-1-[4-methyl-2-(pyridin-3-yl)-1,3-thiazol-5-yl]prop-2-en-1-one",CC1=C(C(=O)/C=C/C2=CC=C(C=C2F)F)SC(=N1)C3=CN=CC=C3,0,342.362,<rdkit.Chem.rdchem.Mol object at 0x7a73e26eef80>
"(2E)-1-[4-methyl-2-(pyridin-3-yl)-1,3-thiazol-5-yl]-3-(2-nitrophenyl)prop-2-en-1-one",CC1=C(C(=O)/C=C/C2=C(C=CC=C2)[N+](=O)[O-])SC(=N1)C3=CN=CC=C3,0,351.379,<rdkit.Chem.rdchem.Mol object at 0x7a73e26ef0d0>
"(2E)-3-(4-chlorophenyl)-1-[4-methyl-2-(pyridin-3-yl)-1,3-thiazol-5-yl]prop-2-en-1-one",CC1=C(C(=O)/C=C/C2=CC=C(C=C2)Cl)SC(=N1)C3=CN=CC=C3,0,340.827,<rdkit.Chem.rdchem.Mol object at 0x7a73e26ef220>
"(2E)-1-[4-methyl-2-(pyridin-3-yl)-1,3-thiazol-5-yl]-3-phenylprop-2-en-1-one",CC1=C(C(=O)/C=C/C2=CC=CC=C2)SC(=N1)C3=CN=CC=C3,0,306.382,<rdkit.Chem.rdchem.Mol object at 0x7a73e26ef370>
"1-[4-methyl-2-(pyridin-3-yl)-1,3-thiazol-5-yl]ethan-1-one",CC1=C(C(=O)C)SC(=N1)C2=CN=CC=C2,0,218.275,<rdkit.Chem.rdchem.Mol object at 0x7a73e26ef4c0>
"3-[2-(pyridin-3-yl)-1,3-thiazol-4-yl]-2H-chromen-2-one",C1=CC2=C(C=C1)OC(=O)C(=C2)C3=CSC(=N3)C4=CN=CC=C4,0,306.339,<rdkit.Chem.rdchem.Mol object at 0x7a73e26ef610>
"(2S)-N-[(S)-[(2S,4R,6R)-6-[(2S,3R)-3-[(3R)-6,8-dihydroxy-5-methyl-1-oxo-3,4-dihydro-1H-2-benzopyran-3-yl]-2-hydroxybutyl]-4-hydroxy-5,5-dimethyloxan-2-yl](methoxy)methyl]-2-hydroxy-3-methoxy-5-methylhex-5-enamide",C=C(C)CC([C@@H](C(=O)N[C@H]([C@@H]1C[C@H](C(C)(C)[C@@H](C[C@@H]([C@@H](C)[C@H]2CC3=C(C(=CC(=C3C)O)O)C(=O)N2)O)O1)O)OC)O)OC,0,609.705,<rdkit.Chem.rdchem.Mol object at 0x7a73e26ef7d0>
"bis([bis(hydroxymethyl)amino]methanol); [5-[(Z)-2-(3,5-diiodo-4-methoxyphenyl)ethenyl]-2-methoxyphenoxy]phosphonic acid",COC1=CC=C(/C=C\C2=CC(=C(C(=C2)I)OC)I)C=C1OP(=O)(O)O.C(N(CO)C(N(CO)CO)O)O,1,588.069,<rdkit.Chem.rdchem.Mol object at 0x7a73e26ef990>
"bis([bis(hydroxymethyl)amino]methanol); [5-[(Z)-2-(3-iodo-4,5-dimethoxyphenyl)ethenyl]-2-methoxyphenoxy]phosphonic acid",COC1=CC=C(/C=C\C2=CC(=C(C(=C2)I)OC)OC)C=C1OP(=O)(O)O.C(N(CO)C(N(CO)CO)O)O,0,492.199,<rdkit.Chem.rdchem.Mol object at 0x7a73e26efb50>
"(2E)-3-(4-methoxyphenyl)-1-[4-methyl-2-(pyridin-3-yl)-1,3-thiazol-5-yl]prop-2-en-1-one",CC1=C(C(=O)/C=C/C2=CC=C(C=C2)OC)SC(=N1)C3=CN=CC=C3,0,336.408,<rdkit.Chem.rdchem.Mol object at 0x7a73e26efca0>
"sodium [[(1S)-1-([2-methoxy-5-[(Z)-2-(7-methoxy-2H-1,3-benzodioxol-5-yl)ethenyl]phenyl]carbamoyl)-2-[4-(phosphonooxy)phenyl]ethyl]amino]phosphonic acid",COC1=CC=C(/C=C\C2=CC3=C(C(=C2)OC)OCO3)C=C1NC(=O)[C@H](CC4=CC=C(C=C4)OP(=O)(O)O)NP(=O)(O)O.[Na+],1,621.446,<rdkit.Chem.rdchem.Mol object at 0x7a73e26efdf0>
"(3aS,4R,7S,9R,11R,13R,15R,15aR)-1-{4-[4-(3-aminophenyl)-1H-1,2,3-triazol-1-yl]butyl}-9-[[(2S,3R,4S,6R)-4-(dimethylamino)-3-hydroxy-6-methyloxan-2-yl]oxy]-4-ethyl-7-fluoro-11-methoxy-3a,7,11,13,15-pentamethyl-tetradecahydro-1H-oxacyclotetradeca[4,3-d][1,3]oxazole-2,6,8,14-tetrone",CC[C@@H]1CC(=O)[C@@](C)(C(=O)[C@@H](C[C@@](C)(C[C@@H](C)C(=O)[C@H](C)[C@@H]2[C@@](C)([C@@]1(C)OC(=O)N2CCCCN3C=C(C4=CC(=CC=C4)N)N=N3)OC)OC)O[C@H]5[C@@H]([C@H](C[C@@H](C)O5)N(C)C)O)F,1,830.982,<rdkit.Chem.rdchem.Mol object at 0x7a73e26eff40>
"2-hydroxybutanedioic acid; 7-[(3S,5S)-3-amino-5-methylpiperidin-1-yl]-1-cyclopropyl-8-methoxy-4-oxo-1,4-dihydroquinoline-3-carboxylic acid",C[C@H]1C[C@@H](CN(C1)C2=CC=C3C(=C2OC)N(C=C(C3=O)C(=O)O)C4CC4)N.C(C(C(=O)O)O)C(=O)O,1,371.43,<rdkit.Chem.rdchem.Mol object at 0x7a73e2708120>
"8-methoxy-2H-phenanthro[3,4-d][1,3]dioxole-5,6-dicarboxylic acid",COC1=C2C(=CC=C1)C3=C(C=C(C4=CCOC43)C(=O)O)C5=C2OCO5,1,340.284,<rdkit.Chem.rdchem.Mol object at 0x7a73e27082e0>
"(2'S,7'S,7'aR)-2'-(hydroxymethyl)-2',4'-dimethyl-6'-methylidene-1',2',3',6',7',7'a-hexahydrospiro[cyclopropane-1,5'-inden]-7'-ol",CC1=C2C[C@](C)(C[C@H]2[C@@H](C(=C)C31CC3)O)CO,0,234.334,<rdkit.Chem.rdchem.Mol object at 0x7a73e27084a0>
5-[(1-methyl-1H-imidazol-2-yl)sulfanyl]pentanoic acid,CN1C=CN=C1SCCCCC(=O)O,0,214.285,<rdkit.Chem.rdchem.Mol object at 0x7a73e27086d0>
"5,7-dihydroxy-2-[(2R,3R)-3-(4-hydroxy-3,5-dimethoxyphenyl)-2-(hydroxymethyl)-8-methoxy-2,3-dihydro-1,4-benzodioxin-6-yl]-4H-chromen-4-one",COC1=CC(=CC(=C1O)OC)[C@@H]2[C@@H](CO)OC3=C(C=C(C=C3OC)C4=CC(=O)C5=C(C=C(C=C5O)O)O4)O2,1,524.473,<rdkit.Chem.rdchem.Mol object at 0x7a73e2708890>
"(10E,12S,13S,16S)-9-ethyl-4,12-dihydroxy-3,13,16-trimethyl-14-oxa-20-azatetracyclopentacosa-1(24),2,4,10,17,21-hexaene-6,15,19,23,25-pentone",CCC1/C=C/[C@@H]([C@H](C)OC(=O)[C@@H](C)C=CC(=O)NC=CC(=O)C=C(C(=CC(=O)CC1)C)O)O,0,507.532,<rdkit.Chem.rdchem.Mol object at 0x7a73e2708a50>
"(10E,12S,13S,16Z)-9-ethyl-4,12-dihydroxy-3,13,16-trimethyl-14-oxa-20-azatricyclopentacosa-1(24),2,4,10,16,21-hexaene-6,15,19,23,25-pentone",CCC1/C=C/[C@@H]([C@H](C)OC(=O)/C(=C\CC(=O)NC=CC(=O)C=C(C(=CC(=O)CC1)C)O)/C)O,0,509.548,<rdkit.Chem.rdchem.Mol object at 0x7a73e2708c80>
"3,4-bis[(3,4-dimethoxyphenyl)methyl]oxolan-2-ol",COC1=CC=C(CC2COC(C2CC3=CC=C(C(=C3)OC)OC)O)C=C1OC,0,388.454,<rdkit.Chem.rdchem.Mol object at 0x7a73e2708e40>
"(1S,8S,9S,13R)-16-hydroxy-3,4,5-trimethoxy-11,20-dioxapentacycloicosa-2(7),3,5,15,18-pentaene-10,17-dione",COC1=CC2=C(C(=C1OC)OC)[C@H]3C(=CC[C@H](COC(=O)[C@H]2)O)C(=O)C=CO3,0,400.379,<rdkit.Chem.rdchem.Mol object at 0x7a73e2709000>
"(3S,4R)-4-[(2H-1,3-benzodioxol-5-yl)methyl]-3-[(S)-hydroxy(3,4,5-trimethoxyphenyl)methyl]oxolan-2-one",COC1=CC(=CC(=C1OC)OC)[C@H]([C@@H]2[C@@H](CC3=CC=C4C(=C3)OCO4)COC2=O)O,0,416.421,<rdkit.Chem.rdchem.Mol object at 0x7a73e27091c0>
"(4bS,8aS,10S)-10-methoxy-4b,8,8-trimethyl-1-(propan-2-yl)-4b,5,6,7,8,8a,9,10-octahydrophenanthren-2-ol",CC(C)C1=C2C(=CC=C1O)[C@@]3(C)CCCC(C)(C)[C@@H]3C[C@@H]2OC,0,316.478,<rdkit.Chem.rdchem.Mol object at 0x7a73e2709310>
"[4-[(2S)-2-amino-2-([2-methoxy-5-[(Z)-2-(7-methoxy-2H-1,3-benzodioxol-5-yl)ethenyl]phenyl]carbamoyl)ethyl]phenoxy]phosphonic acid",COC1=CC=C(/C=C\C2=CC3=C(C(=C2)OC)OCO3)C=C1NC(=O)[C@H](CC4=CC=C(C=C4)OP(=O)(O)O)N,1,542.474,<rdkit.Chem.rdchem.Mol object at 0x7a73e27094d0>
"5-hydroxy-6,7-dimethoxy-2-(3,4,5-trimethoxyphenyl)-4H-chromen-4-one",COC1=CC(=CC(=C1OC)OC)C2=CC(=O)C3=C(C=C(C(=C3O)OC)OC)O2,0,388.368,<rdkit.Chem.rdchem.Mol object at 0x7a73e2709690>
"(3R,4R)-3,4-bis[(3,4-dimethoxyphenyl)methyl]oxolan-2-one",COC1=CC=C(C[C@H]2COC(=O)[C@@H]2CC3=CC=C(C(=C3)OC)OC)C=C1OC,0,386.438,<rdkit.Chem.rdchem.Mol object at 0x7a73e27097e0>
"4-[(2H-1,3-benzodioxol-5-yl)methyl]-3-[(3,4,5-trimethoxyphenyl)methyl]oxolan-2-ol",COC1=CC(=CC(=C1OC)OC)CC2C(CC3=CC=C4C(=C3)OCO4)COC2O,0,402.438,<rdkit.Chem.rdchem.Mol object at 0x7a73e2709a10>
"N-ethyl-2-[(ethylcarbamoyl)amino]-7-(pyridin-3-yl)-[1,2,4]triazolo[1,5-a]pyridine-5-carboxamide",CCNC(=O)C1=CC(=CC2=NC(=NN12)NC(=O)NCC)C3=CN=CC=C3,1,353.378,<rdkit.Chem.rdchem.Mol object at 0x7a73e2709bd0>
"(3R,4R)-4-[(4-hydroxy-3-methoxyphenyl)methyl]-3-[(3,4,5-trimethoxyphenyl)methyl]oxolan-2-one",COC1=CC(=CC=C1O)C[C@H]2COC(=O)[C@@H]2CC3=CC(=C(C(=C3)OC)OC)OC,0,402.438,<rdkit.Chem.rdchem.Mol object at 0x7a73e2709d90>
3-methoxy-5-[(E)-2-(4-methoxyphenyl)ethenyl]phenol,COC1=CC=C(/C=C/C2=CC(=CC(=C2)O)OC)C=C1,1,256.296,<rdkit.Chem.rdchem.Mol object at 0x7a73e2709f50>
"(4bS,8aS,10R)-4b,8,8-trimethyl-1-(propan-2-yl)-4b,5,6,7,8,8a,9,10-octahydrophenanthrene-2,10-diol",CC(C)C1=C2C(=CC=C1O)[C@@]3(C)CCCC(C)(C)[C@@H]3C[C@H]2O,1,302.451,<rdkit.Chem.rdchem.Mol object at 0x7a73e270a110>
"(4bS,8aS,10R)-10-methoxy-4b,8,8-trimethyl-1-(propan-2-yl)-4b,5,6,7,8,8a,9,10-octahydrophenanthren-2-ol",CC(C)C1=C2C(=CC=C1O)[C@@]3(C)CCCC(C)(C)[C@@H]3C[C@H]2OC,0,316.478,<rdkit.Chem.rdchem.Mol object at 0x7a73e270a2d0>
"5-[(Z)-2-(3-bromo-4,5-dimethoxyphenyl)ethenyl]-2-methoxyphenol",COC1=CC=C(/C=C\C2=CC(=C(C(=C2)Br)OC)OC)C=C1O,0,365.218,<rdkit.Chem.rdchem.Mol object at 0x7a73e270a420>
"disodium [5-[(Z)-2-(3-fluoro-4,5-dimethoxyphenyl)ethenyl]-2-methoxyphenoxy]phosphonic acid",COC1=CC=C(/C=C\C2=CC(=C(C(=C2)F)OC)OC)C=C1OP(=O)(O)O.[Na+].[Na+],0,382.277,<rdkit.Chem.rdchem.Mol object at 0x7a73e270a570>
"5-[(Z)-2-(3-chloro-4,5-dimethoxyphenyl)ethenyl]-2-methoxyphenol",COC1=CC=C(/C=C\C2=CC(=C(C(=C2)Cl)OC)OC)C=C1O,0,320.767,<rdkit.Chem.rdchem.Mol object at 0x7a73e270a730>
"(1S,9S,11S)-1,12,12-trimethyl-6-(propan-2-yl)-9-(propan-2-yloxy)-8-oxatricyclo[9.4.0.0²,⁷]pentadeca-2,4,6-trien-5-ol",CC(C)C1=CO[C@@H](C[C@H]2C(C)(C)CCC[C@@]2(C)C=CC=C1O)OC(C)C,0,360.53,<rdkit.Chem.rdchem.Mol object at 0x7a73e270a880>
"5-[(Z)-2-(3-fluoro-4,5-dimethoxyphenyl)ethenyl]-2-methoxyphenol",COC1=CC=C(/C=C\C2=CC(=C(C(=C2)F)OC)OC)C=C1O,0,304.313,<rdkit.Chem.rdchem.Mol object at 0x7a73e270aa40>
"(2R,3R)-3-methoxy-N-[2-methoxy-5-[(Z)-2-(7-methoxy-2H-1,3-benzodioxol-5-yl)ethenyl]phenyl]-2-methyl-3-[(2S)-pyrrolidin-2-yl]propanamide; trifluoroacetic acid",C[C@H]([C@H]([C@@H]1CCCN1)OC)C(=O)NC2=CC(=CC=C2OC)/C=C\C3=CC4=C(C(=C3)OC)OCO4.C(=O)(C(F)(F)F)O,0,468.542,<rdkit.Chem.rdchem.Mol object at 0x7a73e270ac00>
"5-[(E)-2-(3-fluoro-4,5-dimethoxyphenyl)ethenyl]-2-methoxyphenol",COC1=CC=C(/C=C/C2=CC(=C(C(=C2)F)OC)OC)C=C1O,1,304.313,<rdkit.Chem.rdchem.Mol object at 0x7a73e270ae30>
"(4bS,8aS)-4b,8,8-trimethyl-1-(propan-2-yl)-4b,5,6,7,8,8a-hexahydrophenanthren-2-ol",CC(C)C1=C2C=C[C@H]3C(C)(C)CCC[C@]3(C)C2=CC=C1O,1,284.436,<rdkit.Chem.rdchem.Mol object at 0x7a73e270af80>
"9-ethoxy-3,8-dimethyl-7H,10H-imidazo[4,3-a]isoquinoline-7,10-dione",CCOC1=C(C)C(=O)C2=C(C3=CN=C(C)N3C=C2)C1=O,1,270.283,<rdkit.Chem.rdchem.Mol object at 0x7a73e270b140>
"disodium ([11-methoxy-2-methyl-2,6-diazatricyclotrideca-1(13),3,5,7,9,11-hexaen-12-yl]oxy)phosphonic acid",CN1C=CC=NC=CC=CC(=C(C=C1)OP(=O)(O)O)OC.[Na+].[Na+],1,306.211,<rdkit.Chem.rdchem.Mol object at 0x7a73e270b290>
"4-[(2,4-diaminopyrimidin-5-yl)methyl]-2,6-bis(propan-2-yl)phenol",CC(C)C1=CC(=CC(=C1O)C(C)C)CC2=C(N)N=C(N)N=C2,1,300.399,<rdkit.Chem.rdchem.Mol object at 0x7a73e270b450>
"(7S,9E,11S,12R,13S,14R,15R,16R,17S,18S,19E,21Z)-2,15,17,27,29-pentahydroxy-11-methoxy-3,7,12,14,16,18,22-heptamethyl-6,23-dioxo-8,30-dioxa-24-azatetracyclotriaconta-1(29),2,4,9,19,21,25,27-octaen-13-yl acetate",C[C@H]1/C=C/C=C(/C)\C(=O)NC=CC(=CC(=COC2=C(C(=CC=C(C(=O)[C@H](C)O/C=C/[C@@H]([C@@H](C)[C@H]([C@H](C)[C@@H]([C@H](C)[C@H]1O)O)OC(=O)C)OC)C)C)O)O)O,1,697.769,<rdkit.Chem.rdchem.Mol object at 0x7a73e270b610>
"6-bromo-2-(2-methylpropanesulfonyl)-1H,2H-thieno[3,2-d][1,2,3]diazaborinin-1-ol",CC(C)CS(=O)(=O)N1B(C2=C(C=N1)SC(=C2)Br)O,1,351.048,<rdkit.Chem.rdchem.Mol object at 0x7a73e270b760>
"(9E,19E,21Z)-26-[[(4-cyclopentylpiperazin-1-yl)imino]methyl]-2,15,17,27,29-pentahydroxy-11-methoxy-3,7,12,14,16,18,22-heptamethyl-6,23-dioxo-8,30-dioxa-24-azatetracyclotria
conta-1,3,5(28),9,19,21,25(29),26-octaen-13-yl acetate",CC1/C=C/C=C(/C)\C(=O)NC2=C(C=NN3CCN(CC3)C4CCCC4)C(=CC(=C(O)O/C=C(\C(=CC(C(C)C(C(C)C(C(C)C1O)O)OC(=O)C)OC)C)/O)O)O,1,877.031,<rdkit.Chem.rdchem.Mol object at 0x7a73e270b920>
"methyl 7-(ethylamino)-4',5,8,10'-tetrahydroxy-4,9,9'-trioxo-4,4',9,9'-tetrahydro-3H,3'H-spiro[naphtho[2,3-b]furan-2,2'-pyrano[3,2-g]isochromene]-7'-carboxylate",CCNC1=C(C(=O)C2=CC3=C(C(=C21)O)C(=O)CC4(CC(C5=CC6=C(C(=C5O4)O)C(=O)OC(=C6)C(=O)OC)O)O3)O,1,551.455,<rdkit.Chem.rdchem.Mol object at 0x7a73e270ba70>
"6-chloro-2-(4-methylbenzenesulfonyl)-1,2-dihydro-2,3,1-benzodiazaborinin-1-ol",CC1=CC=C(C=C1)S(=O)(=O)N2B(C3=C(C=C(C=C3)Cl)C=N2)O,1,334.586,<rdkit.Chem.rdchem.Mol object at 0x7a73e270bbc0>
"5,12-bis(4-methylbenzenesulfonyl)-5,6,12,13-tetraaza-4,11-diboratricyclotetradeca-1,3(8),6,9,13-pentaene-4,11-diol",CC1=CC=C(C=C1)S(=O)(=O)N2B(C3=CC=CN(B(C=CC3=CN=N2)O)S(=O)(=O)C4=CC=C(C)C=C4)O,0,522.169,<rdkit.Chem.rdchem.Mol object at 0x7a73e270bd10>
"(9E,19E,21Z)-28-(butylamino)-2,15,17,32-tetrahydroxy-11-methoxy-3,7,12,14,16,18,22-heptamethyl-6,23-dioxo-8,33-dioxa-27-thia-24,29-diazapentacyclotritriaconta-1
,3,5(31),9,19,21,25(32),26(30),28-nonaen-13-yl acetate",CCCCNC1=NC=C2C(=C(O)OC(=C(C)C=C3C(=O)C(C)OC=CC(C(C)C(C(C)C(C(C)C(C(C)/C=C/C=C(/C)\C(=O)NC=C2S1)O)O)OC(=O)C)OC)O)O,1,809.965,<rdkit.Chem.rdchem.Mol object at 0x7a73e270be60>
"(9E,19E,21Z)-28-(ethylamino)-2,15,17,32-tetrahydroxy-11-methoxy-3,7,12,14,16,18,22-heptamethyl-6,23-dioxo-8,33-dioxa-27-thia-24,29-diazapentacyclotritriaconta-1
,3,5(31),9,19,21,25(32),26(30),28-nonaen-13-yl acetate",CCNC1=NC=C2C(=C(O)OC(=C(C(=CC(=O)C(C)OC=CC(C(C)C(C(C)C(C(C)C(C(C)/C=C/C=C(/C)\C(=O)NC=C2S1)O)O)OC(=O)C)OC)C)O)O)O,1,781.911,<rdkit.Chem.rdchem.Mol object at 0x7a73e271c040>
"3-(4-methyl-1,3-thiazol-2-yl)pyridine",CC1=CSC(=N1)C2=CN=CC=C2,0,176.238,<rdkit.Chem.rdchem.Mol object at 0x7a73e271c190>
"(9E,19E,21Z)-2,13,15,17,32-pentahydroxy-11-methoxy-3,7,12,14,16,18,22-heptamethyl-8,33-dioxa-27-thia-24,29-diazapentacyclotritriaconta-1,3,5(31),9,19,21,25(32),
26(30),28-nonaene-6,23-dione",CC1/C=C/C=C(/C)\C(=O)NC2=C(C=C(O)OC(=C(C(=CC(=O)C(C)O/C=C/C(C(C)C(C(C)C(C(C)C1O)O)O)OC)C)O)C=C(O)SC=N2)O,1,696.807,<rdkit.Chem.rdchem.Mol object at 0x7a73e271c2e0>
"2-(4-methylbenzenesulfonyl)-1H,2H,6H-fluoreno[3,2-d][1,2,3]diazaborinin-1-ol",CC1=CC=C(C=C1)S(=O)(=O)N2B(C3=C(CC4=CC5=C(C=CC=C5)C=C43)C=N2)O,1,388.247,<rdkit.Chem.rdchem.Mol object at 0x7a73e271c430>
"6-ethyl-2-(propane-1-sulfonyl)-1H,2H-thieno[2,3-c][1,2]azaborinin-1-ol",CCCS(=O)(=O)N1C=CC2=C(B1O)SC(=C2)CC,1,285.191,<rdkit.Chem.rdchem.Mol object at 0x7a73e271c580>
"6-methyl-2-(2-methylpropanesulfonyl)-1H,2H-thieno[2,3-c][1,2]azaborinin-1-ol",CC(C)CS(=O)(=O)N1C=CC2=C(B1O)SC(=C2)C,1,285.191,<rdkit.Chem.rdchem.Mol object at 0x7a73e271c6d0>
"6-methyl-2-(propane-1-sulfonyl)-1,2-dihydro-2,3,1-benzodiazaborinin-1-ol",CCC=S(=O)(=O)N1B(C2=C(C=C(C)C=C2)C=N1)O,1,266.124,<rdkit.Chem.rdchem.Mol object at 0x7a73e271c820>
"6-bromo-2-(2,4,6-trimethylbenzenesulfonyl)-1H,2H-thieno[3,2-d][1,2,3]diazaborinin-1-ol",CC1=CC(=C(C(=C1)C)S(=O)(=O)N2B(C3=C(C=C(Br)S3)S2)O)C,1,413.118,<rdkit.Chem.rdchem.Mol object at 0x7a73e271c970>
"6-bromo-2-(4-methylbenzenesulfonyl)-1H,2H-thieno[2,3-c][1,2]azaborinin-1-ol",CC1=CC=C(C=C1)S(=O)(=O)N2C=CC3=C(B2O)SC(=C3)Br,0,384.076,<rdkit.Chem.rdchem.Mol object at 0x7a73e271cac0>
"methyl 4',5,8,10'-tetrahydroxy-7-(methylamino)-4,9,9'-trioxo-4,4',9,9'-tetrahydro-3H,3'H-spiro[naphtho[2,3-b]furan-2,2'-pyrano[3,2-g]isochromene]-7'-carboxylate",CNC1=C(C(=O)C2=CC3=C(CC4(CC(C5=CC6=C(C(=C5O4)O)C(=O)OC(=C6)C(=O)OC)O)O3)C(=C21)O)O,1,537.429,<rdkit.Chem.rdchem.Mol object at 0x7a73e271cc10>
"6-bromo-2-(2-methylbenzenesulfonyl)-1H,2H-thieno[3,2-d][1,2,3]diazaborinin-1-ol",CC1=C(C=CC=C1)S(=O)(=O)N2B(C3=C(C=N2)SC(=C3)Br)O,1,385.064,<rdkit.Chem.rdchem.Mol object at 0x7a73e271cd60>
"2-(4-aminobenzenesulfonyl)-6-methyl-1,2-dihydro-2,3,1-benzodiazaborinin-1-ol",CC1=CC2=C(C=C1)B(N(N=C2)S(=O)(=O)C3=CC=C(C=C3)N)O,1,315.155,<rdkit.Chem.rdchem.Mol object at 0x7a73e271ceb0>
"6-bromo-2-(2-chloro-4-methylbenzenesulfonyl)-1H,2H-thieno[3,2-d][1,2,3]diazaborinin-1-ol",CC1=CC=C(C(=C1)Cl)S(=O)(=O)N2B(C3=C(C=C(Br)S3)S=N2)O,1,419.509,<rdkit.Chem.rdchem.Mol object at 0x7a73e271d000>
"1-hydroxy-N,N-dimethyl-1,2-dihydro-2,3,1-benzodiazaborinine-2-sulfonamide",CN(C)S(=O)(=O)N1B(C2=C(C=CC=C2)C=N1)O,0,253.086,<rdkit.Chem.rdchem.Mol object at 0x7a73e271d150>
"7-chloro-2-(4-methylbenzenesulfonyl)-1,2-dihydro-2,3,1-benzodiazaborinin-1-ol",CC1=CC=C(C=C1)S(=O)(=O)N2B(C3=C(C=CC(=C3)Cl)C=N2)O,0,334.586,<rdkit.Chem.rdchem.Mol object at 0x7a73e271d2a0>
"N-[4-[(6-bromo-1-hydroxy-1,2-dihydro-2,3,1-benzodiazaborinin-2-yl)sulfonyl]-3-chlorophenyl]acetamide",CC(=O)NC1=CC=C(C(=C1)Cl)S(=O)(=O)N2B(C3=C(C=C(C=C3)Br)C=N2)O,1,456.506,<rdkit.Chem.rdchem.Mol object at 0x7a73e271d3f0>
"5-fluoro-2-(4-methylbenzenesulfonyl)-1,2-dihydro-2,3,1-benzodiazaborinin-1-ol",CC1=CC=C(C=C1)S(=O)(=O)N2B(C3=CC=CC(=C3C=N2)F)O,1,318.131,<rdkit.Chem.rdchem.Mol object at 0x7a73e271d540>
"N-[3-chloro-4-[(1-hydroxy-6-methyl-1,2-dihydro-2,3,1-benzodiazaborinin-2-yl)sulfonyl]phenyl]acetamide",CC1=CC2=C(C=C1)B(N(N=C2)S(=O)(=O)C3=CC=C(C=C3Cl)NC(=O)C)O,1,391.637,<rdkit.Chem.rdchem.Mol object at 0x7a73e271d690>
"2-(2-chloro-4-methylbenzenesulfonyl)-6-methyl-1H,2H-thieno[3,2-d][1,2,3]diazaborinin-1-ol",CC1=CC=C(C(=C1)Cl)S(=O)(=O)N2B(C3=C(C=N2)SC(=C3)C)O,1,354.64,<rdkit.Chem.rdchem.Mol object at 0x7a73e271d7e0>
"5-methyl-2-(4-methylbenzenesulfonyl)-1,2-dihydro-2,3,1-benzodiazaborinin-1-ol",CC1=CC=C(C=C1)S(=O)(=O)N2B(C3=C(C=N2)C(=CC=C3)C)O,1,314.167,<rdkit.Chem.rdchem.Mol object at 0x7a73e271d930>
"6-ethyl-2-(4-methylbenzenesulfonyl)-1H,2H-thieno[2,3-c][1,2]azaborinin-1-ol",CCC1=CC2=C(B(N(C=C2)S(=O)(=O)C3=CC=C(C)C=C3)O)S1,1,333.233,<rdkit.Chem.rdchem.Mol object at 0x7a73e271da80>
"6-methyl-2-(propane-1-sulfonyl)-1H,2H-thieno[2,3-c][1,2]azaborinin-1-ol",CCC=S(=O)(=O)N1C=CC2=C(B1O)SC(=C2)C,1,271.164,<rdkit.Chem.rdchem.Mol object at 0x7a73e271dbd0>
"methyl 4',5,8,10'-tetrahydroxy-7-[(2-hydroxyethyl)amino]-4,9,9'-trioxo-4,4',9,9'-tetrahydro-3H,3'H-spiro[naphtho[2,3-b]furan-2,2'-pyrano[3,2-g]isochromene]-7'-carboxylate",COC(=O)C1=CC2=C(C(=C3C(=C2)C(CC4(CC5=C(C=C6C(=C(C(=CC6=O)NCCO)O)C5=O)O4)O3)O)O)C(=O)O1,1,567.455,<rdkit.Chem.rdchem.Mol object at 0x7a73e271dd20>
"methyl 7-[[2-(dimethylamino)ethyl]amino]-4',5,8,10'-tetrahydroxy-4,9,9'-trioxo-4,4',9,9'-tetrahydro-3H,3'H-spiro[naphtho[2,3-b]furan-2,2'-pyrano[3,2-g]isochromene]-7'-carboxylate",CN(C)CCNC1=C(C(=O)C2=CC3=C(CC4(CC(C5=CC6=C(C(=C5O4)O)C(=O)OC(=C6)C(=O)OC)O)O3)C(=O)C2=C1)O,1,594.523,<rdkit.Chem.rdchem.Mol object at 0x7a73e271de70>
"methyl 7-[(2-[[(tert-butoxy)carbonyl]amino]ethyl)amino]-4',5,8,10'-tetrahydroxy-4,9,9'-trioxo-4,4',9,9'-tetrahydro-3H,3'H-spiro[naphtho[2,3-b]furan-2,2'-pyrano[3,2-g]isochromene]-7'-carboxylate",CC(C)(C)OC(=O)NCCNC1=C(C(=O)C2=CC3=C(C(=C21)O)C(=O)CC4(CC(C5=CC6=C(C(=C5O4)O)C(=O)OC(=C6)C(=O)OC)O)O3)O,1,666.586,<rdkit.Chem.rdchem.Mol object at 0x7a73e271dfc0>
"methyl 4',5,8,10'-tetrahydroxy-4,9,9'-trioxo-7-[(2,2,2-trifluoroethyl)amino]-4,4',9,9'-tetrahydro-3H,3'H-spiro[naphtho[2,3-b]furan-2,2'-pyrano[3,2-g]isochromene]-7'-carboxylate",COC(=O)C1=CC2=C(C(=C3C(=C2)C(CC4(CC5=C(C=C6C(=C(C(=C5)NCC(F)(F)F)O)C(=CC6=O)O)O4)O3)O)O)C(=O)O1,1,605.427,<rdkit.Chem.rdchem.Mol object at 0x7a73e271e110>
"5,7-dihydroxy-2-[(2R,3R)-3-(4-hydroxy-3-methoxyphenyl)-2-(hydroxymethyl)-8-methoxy-2,3-dihydro-1,4-benzodioxin-6-yl]-4H-chromen-4-one",COC1=CC(=CC=C1O)[C@@H]2[C@@H](CO)OC3=C(C=C(C=C3OC)C4=CC(=O)C5=C(C=C(C=C5O)O)O4)O2,1,494.447,<rdkit.Chem.rdchem.Mol object at 0x7a73e271e260>
"N-[[3-(2-[N'-[2-(2-methoxyphenyl)ethyl]carbamimidamido]-1,3-thiazol-4-yl)phenyl]methyl]acetamide",CC(=O)NCC1=CC=CC(=C1)C2=CSC(=N2)NC(=NCCC3=C(C=CC=C3)OC)N,0,423.531,<rdkit.Chem.rdchem.Mol object at 0x7a73e271e3b0>
"N-[[5-(2-[N'-[(2-ethoxyphenyl)methyl]carbamimidamido]-1,3-thiazol-4-yl)furan-2-yl]methyl]acetamide",CCOC1=C(C=CC=C1)CN=C(N)NC2(C=CC(=N2)C3=CC=C(CNC(=O)C)O3)CNC(=O)C,0,413.493,<rdkit.Chem.rdchem.Mol object at 0x7a73e271e570>
"5-(4-methoxybenzoyl)benzene-1,3-diol",COC1=CC=C(C=C1)C(=O)C2=CC(=CC(=C2)O)O,0,244.243,<rdkit.Chem.rdchem.Mol object at 0x7a73e271e6c0>
"4-(3,5-dimethoxybenzoyl)phenol",COC1=CC(=CC(=C1)OC)C(=O)C2=CC=C(C=C2)O,0,258.269,<rdkit.Chem.rdchem.Mol object at 0x7a73e271e880>
"5-[(Z)-2-(4-methoxyphenyl)ethenyl]benzene-1,3-diol",COC1=CC=C(/C=C\C2=CC(=CC(=C2)O)O)C=C1,0,242.27,<rdkit.Chem.rdchem.Mol object at 0x7a73e271e9d0>
"1,3-dimethoxy-5-[(Z)-2-(4-methoxyphenyl)ethenyl]benzene",COC1=CC=C(/C=C\C2=CC(=CC(=C2)OC)OC)C=C1,0,270.323,<rdkit.Chem.rdchem.Mol object at 0x7a73e271eb20>
"11-methoxy-2-methyl-2,6-diazatricyclotrideca-1(13),3,5,7,9,11-hexaen-12-ol",CN1C=CC=NC=CC=CC(=C(C=C1)O)OC,1,228.247,<rdkit.Chem.rdchem.Mol object at 0x7a73e271ece0>
"(9E,19E,21Z)-2,15,17,32-tetrahydroxy-11-methoxy-3,7,12,14,16,18,22-heptamethyl-28-(morpholin-4-yl)-6,23-dioxo-8,33-dioxa-27-thia-24,29-diazapentacyclotritriacon
ta-1,3,5(31),9,19,21,25(32),26(30),28-nonaen-13-yl acetate",CC1/C=C/C=C(/C)\C(=O)NC2=C(O)OC(=C(C(=CC(=C3C(=O)C(C)O/C=C/C(C(C)C(C(C)C(C(C)C1O)O)OC(=O)C)OC)C)C)O)OC(=N2)N4CCOCC4,1,823.948,<rdkit.Chem.rdchem.Mol object at 0x7a73e271ef10>
"(9E,19E,21Z)-2,15,17,32-tetrahydroxy-11-methoxy-3,7,12,14,16,18,22-heptamethyl-28-(4-methylpiperazin-1-yl)-6,23-dioxo-8,33-dioxa-27-thia-24,29-diazapentacyclotr
itriaconta-1,3,5(31),9,19,21,25(32),26(30),28-nonaen-13-yl acetate",CC1/C=C/C=C(/C)\C(=O)NC2=C(O)OC(=C(C(=CC(=C3C(=O)C(C)O/C=C/C(C(C)C(C(C)C(C(C)C1O)O)OC(=O)C)OC)C)C)O)OC(=C2)O,0,836.99,<rdkit.Chem.rdchem.Mol object at 0x7a73e271f0d0>
"(9E,19E,21Z)-2,15,17,32-tetrahydroxy-11-methoxy-3,7,12,14,16,18,22-heptamethyl-6,23-dioxo-28-(piperazin-1-yl)-8,33-dioxa-27-thia-24,29-diazapentacyclotritriacon
ta-1,3,5(31),9,19,21,25(32),26(30),28-nonaen-13-yl acetate",CC1/C=C/C=C(/C)\C(=O)NC2=C(O)OC(=C(C(=CC(=C3C(=O)C(C)O/C=C/C(C(C)C(C(C)C(C(C)C1O)O)OC(=O)C)OC)C)C)O)OC(=C2)O,1,822.963,<rdkit.Chem.rdchem.Mol object at 0x7a73e271f220>
"5-[(4-methoxy-3,5-dimethylphenyl)methyl]pyrimidine-2,4-diamine",CC1=C(C(=CC(=C1)CC2=C(N)N=C(N)N=C2)C)OC,0,258.319,<rdkit.Chem.rdchem.Mol object at 0x7a73e271f370>
"benzyl 4-[(9E,19E,21Z)-13-(acetyloxy)-2,15,17,32-tetrahydroxy-11-methoxy-3,7,12,14,16,18,22-heptamethyl-6,23-dioxo-8,33-dioxa-27-thia-24,29-diazapentacyclotritr
iaconta-1,3,5(31),9,19,21,25(32),26(30),28-nonaen-28-yl]piperazine-1-carboxylate",CC1/C=C/C=C(/C)\C(=O)NC2=C(O)OC(=C(C(=CC(=CC(=O)C(C)O/C=C/C(C(C)C(C(C)C(C(C)C1O)O)OC(=O)C)OC)C)C)O)C=C(O)O2,1,957.095,<rdkit.Chem.rdchem.Mol object at 0x7a73e271f4c0>
"(9E,19E,21Z)-2,15,17,32-tetrahydroxy-11-methoxy-3,7,12,14,16,18,22,24-octamethyl-6,23-dioxo-28-(piperidin-1-yl)-8,33-dioxa-27-thia-24,29-diazapentacyclotritriac
onta-1,3,5(31),9,19,21,25(32),26(30),28-nonaen-13-yl acetate",CC1/C=C/C=C(/C)\C(=O)N(C)C2=C(C=C(O)OC(=C(C)C=C3C(=O)C(C)O/C=C/C(C(C)C(C(C)C(C(C)C1O)O)OC(=O)C)OC)O)N=C(N4CCCCC4)S2,1,836.002,<rdkit.Chem.rdchem.Mol object at 0x7a73e271f680>
"ethyl 4-[(9E,19E,21Z)-13-(acetyloxy)-2,15,17,32-tetrahydroxy-11-methoxy-3,7,12,14,16,18,22-heptamethyl-6,23-dioxo-8,33-dioxa-27-thia-24,29-diazapentacyclotritri
aconta-1,3,5(31),9,19,21,25(32),26(30),28-nonaen-28-yl]piperazine-1-carboxylate",CCOC(=O)N1CCN(CC1)C2=NC=C3C(=C(O)OC4=C(C=C(C)C(=O)C(=CC(C)O/C=C/C(C(C)C(C(C)C(C(C)C(C(C)/C=C/C=C(/C)\C(=O)N3)O)O)OC(=O)C)OC)C(=O)C(C)O/C=C/C(C(C)C(C(C)C(C(C)C4O)O)OC(=O)C)OC)O)S2,1,895.026,<rdkit.Chem.rdchem.Mol object at 0x7a73e271f7d0>
"5-[[3,4-dimethoxy-5-(prop-2-en-1-yl)phenyl]methyl]pyrimidine-2,4-diamine",C=CCC1=CC(=CC(=C1OC)OC)CC2=C(N)N=C(N)N=C2,0,300.356,<rdkit.Chem.rdchem.Mol object at 0x7a73e271f920>
"(9E,19E,21Z)-28-(dibutylamino)-2,15,17,32-tetrahydroxy-11-methoxy-3,7,12,14,16,18,22-heptamethyl-6,23-dioxo-8,33-dioxa-27-thia-24,29-diazapentacyclotritriaconta
-1,3,5(31),9,19,21,25(32),26(30),28-nonaen-13-yl acetate",CCCCN(CCCC)C1=NC=C2C(=C(O)OC(=C(C)C=C3C(=O)C(C)O/C=C/C(C(C)C(C(C)C(C(C)C(C(C)/C=C/C=C(/C)\C(=O)NC=C2S1)O)O)OC(=O)C)OC)O)O,1,866.071,<rdkit.Chem.rdchem.Mol object at 0x7a73e271fa70>
"5-[(3-ethyl-4-methoxy-5-propylphenyl)methyl]pyrimidine-2,4-diamine",CCCC1=C(C(=CC(=C1)CC2=C(N)N=C(N)N=C2)CC)OC,1,300.399,<rdkit.Chem.rdchem.Mol object at 0x7a73e271fbc0>
"5-[(3,4-dimethoxy-5-propylphenyl)methyl]pyrimidine-2,4-diamine",CCCC1=CC(=CC(=C1OC)OC)CC2=C(N)N=C(N)N=C2,0,302.371,<rdkit.Chem.rdchem.Mol object at 0x7a73e271fd10>
"2,6-di-tert-butyl-4-[(2,4-diaminopyrimidin-5-yl)methyl]phenol",CC(C)(C)C1=CC(=CC(=C1O)C(C)(C)C)CC2=C(N)N=C(N)N=C2,0,328.452,<rdkit.Chem.rdchem.Mol object at 0x7a73e271fe60>
"3,5-dibromo-2-(2,4-dibromophenoxy)phenol",C1=C(C=C(C(=C1)OC2=C(C=C(C=C2Br)Br)O)Br)Br,1,501.791,<rdkit.Chem.rdchem.Mol object at 0x7a73e25400b0>
"(7S,9E,11S,12R,13S,14R,15R,16R,17S,18S,19E,21Z)-2,15,17-trihydroxy-11-methoxy-3,7,12,14,16,18,22-heptamethyl-6,23,27,29-tetraoxo-8,30-dioxa-24-azatetracyclotriaconta-1,3,5(
28),9,19,21,25-heptaen-13-yl acetate",C[C@H]1/C=C/C=C(/C)\C(=O)NC=CC(=O)CC2=C(C(=CC(=C(C)C=C2C(=O)[C@H](C)O/C=C/[C@@H]([C@@H](C)[C@H]([C@H](C)[C@@H]([C@H](C)[C@H]1O)O)OC(=O)C)OC)O)C)O,1,695.753,<rdkit.Chem.rdchem.Mol object at 0x7a73e2540270>
"6-bromo-2-(2-chlorobenzenesulfonyl)-1H,2H-thieno[2,3-c][1,2]azaborinin-1-ol",C1=CC(=C(C=C1)S(=O)(=O)N2B(C3=C(C=C(Br)S3)C=C2)O)Cl,0,404.495,<rdkit.Chem.rdchem.Mol object at 0x7a73e25403c0>
"2-(2-chlorobenzenesulfonyl)-6-ethyl-1H,2H-thieno[2,3-c][1,2]azaborinin-1-ol",CCC1=CC2=C(B(N(C=C2)S(=O)(=O)C3=C(C=CC=C3)Cl)O)S1,1,353.652,<rdkit.Chem.rdchem.Mol object at 0x7a73e25405f0>
"2-(2-chlorobenzenesulfonyl)-6-ethyl-1H,2H-thieno[3,2-d][1,2,3]diazaborinin-1-ol",CCC1=CC2=C(B=NN(B2O)S(=O)(=O)C3=C(C=CC=C3)Cl)S1,1,354.64,<rdkit.Chem.rdchem.Mol object at 0x7a73e2540740>
"5-methyl-2-(propane-1-sulfonyl)-1H,2H,5H-pyrrolo[3,2-d][1,2,3]diazaborinin-1-ol",CCCS(=O)(=O)N1B(C2=C(C=N1)C(C)C=N2)O,0,255.102,<rdkit.Chem.rdchem.Mol object at 0x7a73e2540890>
"methyl 7-(benzylamino)-4',5,8,10'-tetrahydroxy-4,9,9'-trioxo-4,4',9,9'-tetrahydro-3H,3'H-spiro[naphtho[2,3-b]furan-2,2'-pyrano[3,2-g]isochromene]-7'-carboxylate",COC(=O)C1=CC2=C(C(=C3C(=C2)C(CC4(CC5=C(C=C6C(=C5O)C=C(C(=C6O)O)NCC7=CC=CC=C7)O4)O3)O)O)C(=O)O1,1,613.525,<rdkit.Chem.rdchem.Mol object at 0x7a73e25409e0>
"2-(4-amino-2-chlorobenzenesulfonyl)-6-methyl-1,2-dihydro-2,3,1-benzodiazaborinin-1-ol",CC1=CC2=C(C=C1)B(N(N=C2)S(=O)(=O)C3=CC=C(C=C3Cl)N)O,1,349.6,<rdkit.Chem.rdchem.Mol object at 0x7a73e2540b30>
"methyl 4',5,8,10'-tetrahydroxy-7-methoxy-4,9,9'-trioxo-4,4',9,9'-tetrahydro-3H,3'H-spiro[naphtho[2,3-b]furan-2,2'-pyrano[3,2-g]isochromene]-7'-carboxylate",COC1=C(C(=O)C2=CC3=C(CC4(CC(C5=CC6=C(C(=C5O4)O)C(=O)OC(=C6)C(=O)OC)O)O3)C(=O)C2=C1)O,1,538.413,<rdkit.Chem.rdchem.Mol object at 0x7a73e2540c80>
"6-bromo-2-(4-nitrobenzenesulfonyl)-1,2-dihydro-2,3,1-benzodiazaborinin-1-ol",C1=CC2=C(C=C1Br)C=NN(B2O)S(=O)(=O)C3=CC=C(C=C3)[N+](=O)[O-],1,410.008,<rdkit.Chem.rdchem.Mol object at 0x7a73e2540dd0>
"2-(4-aminobenzenesulfonyl)-6-bromo-1,2-dihydro-2,3,1-benzodiazaborinin-1-ol",C1=CC2=C(C=C1Br)C=NN(B2O)S(=O)(=O)C3=CC=C(C=C3)N,1,380.025,<rdkit.Chem.rdchem.Mol object at 0x7a73e2540f20>
"2-(4-aminobenzenesulfonyl)-5-fluoro-1,2-dihydro-2,3,1-benzodiazaborinin-1-ol",C1=CC(=C2C=NN(B(C2=C1)O)S(=O)(=O)C3=CC=C(C=C3)N)F,1,319.119,<rdkit.Chem.rdchem.Mol object at 0x7a73e2541070>
"methyl 7-amino-4',5,8,10'-tetrahydroxy-4,9,9'-trioxo-4,4',9,9'-tetrahydro-3H,3'H-spiro[naphtho[2,3-b]furan-2,2'-pyrano[3,2-g]isochromene]-7'-carboxylate",COC(=O)C1=CC2=C(C(=C3C(=C2)C(CC4(CC5=C(C=C6C(=C(C(=C(C6=O)O)N)O)C5=O)O4)O3)O)O)C(=O)O1,1,523.402,<rdkit.Chem.rdchem.Mol object at 0x7a73e25411c0>
"2-(propane-1-sulfonyl)-1H,2H-thieno[3,2-d][1,2,3]diazaborinin-1-ol",CCC=S(=O)(=O)N1B(C2=C(N1)SC=C2)O,1,258.126,<rdkit.Chem.rdchem.Mol object at 0x7a73e2541310>
"6-bromo-2-(2-chlorobenzenesulfonyl)-1H,2H-thieno[3,2-d][1,2,3]diazaborinin-1-ol",C1=CC(=C(C=C1)S(=O)(=O)N2B(C3=C(C=C(Br)S3)S2)O)Cl,1,405.483,<rdkit.Chem.rdchem.Mol object at 0x7a73e2541460>
"methyl 7-[(2-aminoethyl)amino]-4',5,8,10'-tetrahydroxy-4,9,9'-trioxo-4,4',9,9'-tetrahydro-3H,3'H-spiro[naphtho[2,3-b]furan-2,2'-pyrano[3,2-g]isochromene]-7'-carboxylate",COC(=O)C1=CC2=C(C(=C3C(=C2)C(CC4(CC5=C(C=C6C(=C(C(=C5)NCCN)O)C(=CC6=O)O)O4)O3)O)O)C(=O)O1,0,566.47,<rdkit.Chem.rdchem.Mol object at 0x7a73e25415b0>
"6-methyl-2-(propane-1-sulfonyl)-1H,2H-thieno[3,2-d][1,2,3]diazaborinin-1-ol",CCC=S(=O)(=O)N1B(C2=C(C=N1)SC(=C2)C)O,1,272.152,<rdkit.Chem.rdchem.Mol object at 0x7a73e2541700>
"1-hydroxy-N,N,6-trimethyl-1,2-dihydro-2,3,1-benzodiazaborinine-2-sulfonamide",CC1=CC2=C(C=C1)B(N(N=C2)S(=O)(=O)N(C)C)O,1,267.112,<rdkit.Chem.rdchem.Mol object at 0x7a73e2541850>
"2-(2-chlorobenzenesulfonyl)-6-methyl-1H,2H-thieno[3,2-d][1,2,3]diazaborinin-1-ol",CC1=CC2=C(C=NN(B2O)S(=O)(=O)C3=C(C=CC=C3)Cl)S1,1,340.613,<rdkit.Chem.rdchem.Mol object at 0x7a73e25419a0>
"6-methyl-2-(4-methylbenzenesulfonyl)-1,2-dihydro-2,3,1-benzodiazaborinin-1-ol",CC1=CC=C(C=C1)S(=O)(=O)N2B(C3=C(C=C(C)C=C3)C=N2)O,1,314.167,<rdkit.Chem.rdchem.Mol object at 0x7a73e2541af0>
"6-bromo-2-(ethanesulfonyl)-1H,2H-thieno[3,2-d][1,2,3]diazaborinin-1-ol",CCS(=O)(=O)N1B(C2=C(N=N1)SC(=C2)Br)O,1,322.995,<rdkit.Chem.rdchem.Mol object at 0x7a73e2541c40>
"N-[4-([6-bromo-1-hydroxy-1H,2H-thieno[3,2-d][1,2,3]diazaborinin-2-yl]sulfonyl)phenyl]acetamide",CC(=O)NC1=CC=C(C=C1)S(=O)(=O)N2B=CC3=C(C=C(Br)S3)N2O,1,428.089,<rdkit.Chem.rdchem.Mol object at 0x7a73e2541d90>
"N-[4-([6-bromo-1-hydroxy-1H,2H-thieno[3,2-d][1,2,3]diazaborinin-2-yl]sulfonyl)-3-chlorophenyl]acetamide",CC(=O)NC1=CC=C(C(=C1)Cl)S(=O)(=O)N2B(C3=C(C=N2)SC(=C3)Br)O,1,462.534,<rdkit.Chem.rdchem.Mol object at 0x7a73e2541ee0>
"methyl 7-[(cyanomethyl)amino]-4',5,8,10'-tetrahydroxy-4,9,9'-trioxo-4,4',9,9'-tetrahydro-3H,3'H-spiro[naphtho[2,3-b]furan-2,2'-pyrano[3,2-g]isochromene]-7'-carboxylate",COC(=O)C1=CC2=C(C(=C3C(=C2)C(CC4(CC5=C(C=C6C(=C(C(=C5)NCC#N)O)C(=O)C(=C(C6=O)O)O)O4)O3)O)O)C(=O)O1,1,562.438,<rdkit.Chem.rdchem.Mol object at 0x7a73e2542030>
"6-bromo-2-(4-methylbenzenesulfonyl)-1,2-dihydro-2,3,1-benzodiazaborinin-1-ol",CC1=CC=C(C=C1)S(=O)(=O)N2B(C3=C(C=C(C=C3)Br)C=N2)O,1,379.037,<rdkit.Chem.rdchem.Mol object at 0x7a73e2542180>
"6-fluoro-2-(4-methylbenzenesulfonyl)-1,2-dihydro-2,3,1-benzodiazaborinin-1-ol",CC1=CC=C(C=C1)S(=O)(=O)N2B(C3=C(C=C(C=C3)F)C=N2)O,1,318.131,<rdkit.Chem.rdchem.Mol object at 0x7a73e25422d0>
"6-methyl-2-(2-methylbenzenesulfonyl)-1H,2H-thieno[3,2-d][1,2,3]diazaborinin-1-ol",CC1=C(C=CC=C1)S(=O)(=O)N2B(C3=C(C=N2)SC(=C3)C)O,1,320.195,<rdkit.Chem.rdchem.Mol object at 0x7a73e2542420>
"2-methanesulfonyl-1H,2H-thieno[3,2-d][1,2,3]diazaborinin-1-ol",CS(=O)(=O)N1B(C2=C(C=CS2)S1)O,0,230.072,<rdkit.Chem.rdchem.Mol object at 0x7a73e2542570>
"6-bromo-2-(4-methylbenzenesulfonyl)-1H,2H-furo[3,2-d][1,2,3]diazaborinin-1-ol",CC1=CC=C(C=C1)S(=O)(=O)N2B(C3=C(N=N2)OC(=C3)Br)O,1,368.999,<rdkit.Chem.rdchem.Mol object at 0x7a73e25426c0>
"6-methyl-2-(4-methylbenzenesulfonyl)-1H,2H-furo[3,2-d][1,2,3]diazaborinin-1-ol",CC1=CC=C(C=C1)S(=O)(=O)N2B(C3=C(C=N2)OC(=C3)C)O,1,304.129,<rdkit.Chem.rdchem.Mol object at 0x7a73e2542880>
"6-chloro-2-(4-methylbenzenesulfonyl)-1H,2H-thieno[3,2-d][1,2,3]diazaborinin-1-ol",CC1=CC=C(C=C1)S(=O)(=O)N2B(C3=C(C=C(Cl)S3)S2)O,1,340.613,<rdkit.Chem.rdchem.Mol object at 0x7a73e25429d0>
"6-bromo-2-(2,4,5-trichlorobenzenesulfonyl)-1,2-dihydro-2,3,1-benzodiazaborinin-1-ol",C1=CC2=C(C=C1Br)C=NN(B2O)S(=O)(=O)C3=CC(=C(C=C3Cl)Cl)Cl,1,468.345,<rdkit.Chem.rdchem.Mol object at 0x7a73e2542b20>
"3-(4-methylbenzenesulfonyl)-3H,4H-naphtho[2,1-d][1,2,3]diazaborinin-4-ol",CC1=CC=C(C=C1)S(=O)(=O)N2C(C3=C(C4=C(C=CC=C4)C=C3)N=N2)O,1,350.199,<rdkit.Chem.rdchem.Mol object at 0x7a73e2542c70>
"2-(benzenesulfonyl)-6-bromo-1H,2H-thieno[3,2-d][1,2,3]diazaborinin-1-ol",C1=CC=C(C=C1)S(=O)(=O)N2B(C3=C(C=C(Br)S3)S2)O,1,371.038,<rdkit.Chem.rdchem.Mol object at 0x7a73e2542dc0>
"7-bromo-2-(4-methylbenzenesulfonyl)-1,2-dihydro-2,3,1-benzodiazaborinin-1-ol",CC1=CC=C(C=C1)S(=O)(=O)N2B(C3=C(C=CC(=C3)Br)C=N2)O,1,379.037,<rdkit.Chem.rdchem.Mol object at 0x7a73e2542f10>
"6-bromo-2-(2,4,5-trichlorobenzenesulfonyl)-1H,2H-furo[3,2-d][1,2,3]diazaborinin-1-ol",C1=C(Br)OC2=C1C(B(N=N2)S(=O)(=O)C3=CC(=C(C=C3Cl)Cl)Cl)O,1,458.307,<rdkit.Chem.rdchem.Mol object at 0x7a73e2543060>
"2-(benzenesulfonyl)-1,2-dihydro-2,3,1-benzodiazaborinine-1,7-diol",C1=CC=C(C=C1)S(=O)(=O)N2B(C3=C(C=CC(=C3)O)C=N2)O,0,302.113,<rdkit.Chem.rdchem.Mol object at 0x7a73e25431b0>
"2-(2-chloro-4-methylbenzenesulfonyl)-6-methyl-1H,2H-thieno[2,3-c][1,2]azaborinin-1-ol",CC1=CC=C(C(=C1)Cl)S(=O)(=O)N2C=CC3=C(B2O)SC(=C3)C,1,353.652,<rdkit.Chem.rdchem.Mol object at 0x7a73e2543300>
"methyl 4',5,8,10'-tetrahydroxy-4,9,9'-trioxo-7-(propylamino)-4,4',9,9'-tetrahydro-3H,3'H-spiro[naphtho[2,3-b]furan-2,2'-pyrano[3,2-g]isochromene]-7'-carboxylate",CCCNC1=C(C(=O)C2=CC3=C(C(=C21)O)C(=O)CC4(CC(C5=CC6=C(C(=C5O4)O)C(=O)OC(=C6)C(=O)OC)O)O3)O,1,565.482,<rdkit.Chem.rdchem.Mol object at 0x7a73e2543450>
"2-methanesulfonyl-6-methyl-1,2-dihydro-2,3,1-benzodiazaborinin-1-ol",CC1=CC2=C(C=C1)B(N(N=C2)S(=O)(=O)C)O,0,238.071,<rdkit.Chem.rdchem.Mol object at 0x7a73e25435a0>
"6-bromo-2-(4-methylbenzenesulfonyl)-1H,2H-thieno[3,2-d][1,2,3]diazaborinin-1-ol",CC1=CC=C(C=C1)S(=O)(=O)N2B(C3=C(C=C(Br)S3)S2)O,1,385.064,<rdkit.Chem.rdchem.Mol object at 0x7a73e25436f0>
"6-chloro-2-(propane-1-sulfonyl)-1,2-dihydro-2,3,1-benzodiazaborinin-1-ol",CCC=S(=O)(=O)N1B(C2=C(C=C(C=C2)Cl)C=N1)O,1,286.543,<rdkit.Chem.rdchem.Mol object at 0x7a73e2543840>
"2-(4-methylbenzenesulfonyl)-1,2-dihydro-2,3,1-benzodiazaborinin-1-ol",CC1=CC=C(C=C1)S(=O)(=O)N2B(C3=C(C=CC=C3)C=N2)O,1,300.141,<rdkit.Chem.rdchem.Mol object at 0x7a73e2543990>
"1,4,6,9-tetramethyl-1H,2H,5H,8H,9H,10H-pyrido[3,2-g]quinoline-2,5,8,10-tetrone",CC1=CC(=O)N(C)C2=C1C(=O)C3=C(C2=O)N(C)C(=O)C=C3C,1,298.293,<rdkit.Chem.rdchem.Mol object at 0x7a73e2543ae0>
"N-[(3-[2-[N'-(2-methoxyethyl)carbamimidamido]-1,3-thiazol-4-yl]phenyl)methyl]acetamide",CC(=O)NCC1=CC=CC(=C1)C2=CSC(=N2)NC(=NCCOC)N,0,347.435,<rdkit.Chem.rdchem.Mol object at 0x7a73e2543c30>
"N-[[5-(2-[N'-[2-(2-methoxyphenyl)ethyl]carbamimidamido]-1,3-thiazol-4-yl)-2-methylfuran-3-yl]methyl]acetamide",CC(=O)NCC1=C(C)OC(=C1)C2=CSC(=N2)NC(=NCCC3=C(C=CC=C3)OC)N,0,427.52,<rdkit.Chem.rdchem.Mol object at 0x7a73e2543df0>
"5,7-dihydroxy-2-[(2R,3R)-3-(4-hydroxy-3-methoxyphenyl)-2-(hydroxymethyl)-2,3-dihydro-1,4-benzodioxin-6-yl]-4H-chromen-4-one",COC1=CC(=CC=C1O)[C@@H]2[C@@H](CO)OC3=C(C=C(C=C3)C4=CC(=O)C5=C(C=C(C=C5O)O)O4)O2,1,464.421,<rdkit.Chem.rdchem.Mol object at 0x7a73e2543f40>
"4-[(3,5-dimethoxyphenyl)(hydroxy)methyl]phenol",COC1=CC(=CC(=C1)OC)C(C2=CC=C(C=C2)O)O,1,260.285,<rdkit.Chem.rdchem.Mol object at 0x7a73e2560190>
"4-[(Z)-2-(3,5-dimethoxyphenyl)ethenyl]phenol",COC1=CC(=CC(=C1)OC)/C=C\C2=CC=C(C=C2)O,1,256.296,<rdkit.Chem.rdchem.Mol object at 0x7a73e25603c0>
"[4-[(Z)-2-(3,5-dimethoxyphenyl)ethenyl]phenoxy]phosphonic acid disodium",COC1=CC(=CC(=C1)OC)/C=C\C2=CC=C(C=C2)OP(O)O,1,334.26,<rdkit.Chem.rdchem.Mol object at 0x7a73e2560510>
"(3,5-dimethoxyphenyl)(4-methoxyphenyl)methanone",COC1=CC=C(C=C1)C(=O)C2=CC(=CC(=C2)OC)OC,0,272.296,<rdkit.Chem.rdchem.Mol object at 0x7a73e2560660>
3-methoxy-5-(4-methoxybenzoyl)phenol,COC1=CC=C(C=C1)C(=O)C2=CC(=CC(=C2)O)OC,0,258.269,<rdkit.Chem.rdchem.Mol object at 0x7a73e25607b0>
"5-(4-hydroxybenzoyl)benzene-1,3-diol",C1=C(C=CC(=C1)O)C(=O)C2=CC(=CC(=C2)O)O,0,230.216,<rdkit.Chem.rdchem.Mol object at 0x7a73e2560900>
3-(4-hydroxybenzoyl)-5-methoxyphenol,COC1=CC(=CC(=C1)C(=O)C2=CC=C(C=C2)O)O,0,244.243,<rdkit.Chem.rdchem.Mol object at 0x7a73e2560a50>
1-(isothiocyanatomethyl)-4-methoxybenzene,COC1=CC=C(C=C1)CN=C=S,1,179.239,<rdkit.Chem.rdchem.Mol object at 0x7a73e2560ba0>
"(10R,11R,15R)-10-(3,4,5-trimethoxyphenyl)-4,6,13-trioxatetracyclohexadeca-1(9),2,7-trien-12-one",COC1=CC(=CC(=C1OC)OC)[C@@H]2C3=CC=COCOC=CC(=CCOC(=O)[C@@H]2)C[C@H]3,0,398.406,<rdkit.Chem.rdchem.Mol object at 0x7a73e2560cf0>
"(9E,19E,21Z)-28-(diethylamino)-2,15,17,32-tetrahydroxy-11-methoxy-3,7,12,14,16,18,22-heptamethyl-6,23-dioxo-8,33-dioxa-27-thia-24,29-diazapentacyclotritriaconta
-1,3,5(31),9,19,21,25(32),26(30),28-nonaen-13-yl acetate",CCN(CC)C1=NC=C2C(=C(O)OC(=C(C)C=C3C(=O)C(C)O/C=C/C(C(C)C(C(C)C(C(C)C(C(C)/C=C/C=C(/C)\C(=O)NC=C2S1)O)O)OC(=O)C)OC)O)O,1,809.965,<rdkit.Chem.rdchem.Mol object at 0x7a73e2560e40>
"(9E,19E,21Z)-2,13,15,17,32-pentahydroxy-11-methoxy-3,7,12,14,16,18,22-heptamethyl-28-(4-methylpiperazin-1-yl)-8,33-dioxa-27-thia-24,29-diazapentacyclotritriacon
ta-1,3,5(31),9,19,21,25(32),26(30),28-nonaene-6,23-dione",CC1/C=C/C=C(/C)\C(=O)NC2=C(O)OC(=C(C(=CC(=O)C(C)O/C=C/C(C(C)C(C(C)C(C(C)C1O)O)O)OC)C)O)C=C(O)O2,1,794.953,<rdkit.Chem.rdchem.Mol object at 0x7a73e2561000>
"(9E,19E,21Z)-2,15,17,32-tetrahydroxy-11-methoxy-3,7,12,14,16,18,22-heptamethyl-6,23-dioxo-28-(pyrrolidin-1-yl)-8,33-dioxa-27-thia-24,29-diazapentacyclotritriaco
nta-1,3,5(31),9,19,21,25(32),26(30),28-nonaen-13-yl acetate",CC1/C=C/C=C(/C)\C(=O)NC2=C(O)OC(=C(C(=CC(=C3C(=O)C(C)O/C=C/C(C(C)C(C(C)C(C(C)C1O)O)OC(=O)C)OC)C)C)O)OC(=C2)O,1,807.949,<rdkit.Chem.rdchem.Mol object at 0x7a73e2561150>
"(9E,19E,21Z)-2,15,17,32-tetrahydroxy-11-methoxy-3,7,12,14,16,18,22-heptamethyl-1'-(2-methylpropyl)-6,23-dioxo-8,33-dioxa-24,27,29-triazaspiro[pentacyclotritriac
ontane-28,4'-piperidine]-1(31),2,4,9,19,21,25(32),26,29-nonaen-13-yl acetate",CC(C)CN1CCC2(CC1)N=CC3=C(O)OC4=C(C(=CC=C(C(C)O/C=C/C(C(C)C(C(C)C(C(C)C(C(C)/C=C/C=C(/C)\C(=O)NC=N2)O)O)OC(=O)C)OC)OC)C)O,1,847.005,<rdkit.Chem.rdchem.Mol object at 0x7a73e25612a0>
"(9E,19E,21Z)-2,15,17,32-tetrahydroxy-11-methoxy-3,7,12,14,16,18,22-heptamethyl-6,23-dioxo-28-(4-phenylpiperazin-1-yl)-8,33-dioxa-27-thia-24,29-diazapentacyclotritriaconta-1,3,5(31),9,19,21,25(32),26(30),28-nonaen-13-yl acetate",CC1/C=C/C=C(/C)\C(=O)NC2=C(O)OC(=C(C(=CC(=C3C(=O)C(C)O/C=C/C(C(C)C(C(C)C(C(C)C1O)O)OC(=O)C)OC)C)C)O)OC(=C2)O,1,899.059,<rdkit.Chem.rdchem.Mol object at 0x7a73e25613f0>
"(9E,19E,21Z)-28-(4-benzylpiperazin-1-yl)-2,15,17,32-tetrahydroxy-11-methoxy-3,7,12,14,16,18,22-heptamethyl-6,23-dioxo-8,33-dioxa-27-thia-24,29-diazapentacyclotritriaconta-1,3,5(31),9,19,21,25(32),26(30),28-nonaen-13-yl acetate",CC1/C=C/C=C(/C)\C(=O)NC2=C(O)OC(=C(C(=CC(=C3C(=O)C(C)O/C=C/C(C(C)C(C(C)C(C(C)C1O)O)OC(=O)C)OC)C)C)O)OC(=C2)O,1,913.086,<rdkit.Chem.rdchem.Mol object at 0x7a73e2561540>
"4-[(2,4-diaminopyrimidin-5-yl)methyl]-2-ethyl-6-propylphenol",CCCC1=C(C(=CC(=C1)CC2=C(N)N=C(N)N=C2)CC)O,1,286.372,<rdkit.Chem.rdchem.Mol object at 0x7a73e2561690>
"N-[(5-[2-[N'-(cyclohexylmethyl)carbamimidamido]-1,3-thiazol-4-yl]furan-2-yl)methyl]acetamide",CC(=O)NCC1=CC=C(C2=CSC(=N2)NC(=NCC3CCCCC3)N)O1,0,375.488,<rdkit.Chem.rdchem.Mol object at 0x7a73e25617e0>
"5-[(3,5-di-tert-butyl-4-methoxyphenyl)methyl]pyrimidine-2,4-diamine",CC(C)(C)C1=CC(=CC(=C1OC)C(C)(C)C)CC2=C(N)N=C(N)N=C2,1,342.478,<rdkit.Chem.rdchem.Mol object at 0x7a73e25619a0>
"N-[(5-[2-[N'-(2-ethoxyethyl)carbamimidamido]-1,3-thiazol-4-yl]furan-2-yl)methyl]acetamide",CCOCCN=C(N)NC1=NC(=CS1)C2=CC=C(CNC(=O)C)O2,0,351.424,<rdkit.Chem.rdchem.Mol object at 0x7a73e2561af0>
"5-[(3-ethoxy-4,5-dimethoxyphenyl)methyl]pyrimidine-2,4-diamine",CCOC1=C(C(=CC(=C1)CC2=C(N)N=C(N)N=C2)OC)OC,0,304.344,<rdkit.Chem.rdchem.Mol object at 0x7a73e2561c40>
"5-[(3-ethyl-4-methoxy-5-methylphenyl)methyl]pyrimidine-2,4-diamine",CCC1=CC(=CC(=C1OC)C)CC2=C(N)N=C(N)N=C2,0,272.345,<rdkit.Chem.rdchem.Mol object at 0x7a73e2561d90>
"5-([3,4-dimethoxy-5-[(1E)-prop-1-en-1-yl]phenyl]methyl)pyrimidine-2,4-diamine",C/C=C(\C)/C1=CC(=CC(=C1OC)OC)CC2=C(N)N=C(N)N=C2,0,300.356,<rdkit.Chem.rdchem.Mol object at 0x7a73e2561f50>
"(6R,7R)-7-[(2Z)-2-(2-amino-1,3-thiazol-4-yl)-2-(methoxyimino)acetamido]-3-(methoxymethyl)-8-oxo-5-thia-1-azabicyclo[4.2.0]oct-2-ene-2-carboxylic acid",COCC1=C(C(=O)O)N2C(=O)[C@H]([C@H]2SC1)NC(=O)/C(=N\OC)/C3=CSC(=N3)N,1,427.455,<rdkit.Chem.rdchem.Mol object at 0x7a73e25620a0>
"(6R,7R)-7-[(2Z)-2-(2-amino-1,3-thiazol-4-yl)-2-(methoxyimino)acetamido]-3-[[(6-hydroxy-2-methyl-5-oxo-2,5-dihydro-1,2,4-triazin-3-yl)sulfanyl]methyl]-8-oxo-5-thia-1-azabicyclo[4.2.0]oct-2-ene-2-carboxylic acid",CN1C(=NC(=O)C(=N1)O)SCC2=C(C(=O)O)N3C(=O)[C@H]([C@H]3SC2)NC(=O)/C(=N\OC)/C4=CSC(=N4)N,1,554.58,<rdkit.Chem.rdchem.Mol object at 0x7a73e25621f0>
"(2R,3S,4S,5R,6R)-2-(aminomethyl)-6-[[(1R,2R,3S,4R,6S)-4,6-diamino-3-[[(2S,3R,4S,5S,6R)-4-amino-3,5-dihydroxy-6-(hydroxymethyl)oxan-2-yl]oxy]-2-hydroxycyclohexyl]oxy}oxane-3,4,5-triol",C1[C@H]([C@@H]([C@H]([C@@H]([C@H]1N)O[C@@H]2[C@@H]([C@H]([C@@H]([C@@H](CN)O2)O)O)O)O)O[C@@H]3[C@@H]([C@H]([C@@H]([C@@H](CO)O3)O)N)O)N,1,484.499,<rdkit.Chem.rdchem.Mol object at 0x7a73e25623b0>
"(1S,4S,5R,8S,9R,12S,13R)-1,5,9-trimethyl-11,14,15,16-tetraoxatetracyclohexadecan-10-one",C[C@@H]1CC[C@H](C)[C@@H](C)C(=O)O[C@H](COOO[C@@H](C)CC1)O,1,282.332,<rdkit.Chem.rdchem.Mol object at 0x7a73e2562570>
"(7S,9E,11S,12R,13S,14R,15R,16R,17S,18S,19E,21Z)-2,15,17,27,29-pentahydroxy-11-methoxy-3,7,12,14,16,18,22-heptamethyl-26-[(1E)-[(4-methylpiperazin-1-yl)imino]methyl]-6,23-dioxo-8,30-dioxa-24-azatetracyclotriaconta-1,3,5(28),9,19,21,25(29),26-octaen-13-yl acetate",C[C@H]1/C=C/C=C(/C)\C(=O)NC2=C(C=C(O)OC(=C(C(=CC(=C(C)C=C2C(=O)[C@H](C)O/C=C/[C@@H]([C@@H](C)[C@H]([C@H](C)[C@@H]([C@H](C)[C@H]1O)O)OC(=O)C)OC)O)C)O)O)/C=N/N3CCN(C)CC3,1,822.94,<rdkit.Chem.rdchem.Mol object at 0x7a73e25627a0>
"(2S,5R,6R)-6-[(2R)-2-amino-2-(4-hydroxyphenyl)acetamido]-3,3-dimethyl-7-oxo-4-thia-1-azabicyclo[3.2.0]heptane-2-carboxylic acid",CC1(C)[C@H](C(=O)O)N2C(=O)[C@H]([C@H]2S1)NC(=O)[C@@H](C3=CC=C(C=C3)O)N,1,365.404,<rdkit.Chem.rdchem.Mol object at 0x7a73e25629d0>
"(6R,7R)-7-[(2Z)-2-(2-amino-1,3-thiazol-4-yl)-4-carboxybut-2-enamido]-8-oxo-5-thia-1-azabicyclo[4.2.0]oct-2-ene-2-carboxylic acid",C(=C(\C1=CSC(=N1)N)/C(=O)N[C@@H]2C(=O)N3C(=CCS[C@H]23)C(=O)O)/CC(=O)O,1,410.425,<rdkit.Chem.rdchem.Mol object at 0x7a73e2562b90>
"10-(3,4,5-trimethoxyphenyl)-4,6,13-trioxatetracyclohexadeca-1,3(7),8-trien-12-one",COC1=CC(=CC(=C1OC)OC)C2C=CC3=C(C=CCCOC(=O)C2)OCO3,0,398.406,<rdkit.Chem.rdchem.Mol object at 0x7a73e2562d50>
"(2S)-7-fluoro-2-methyl-6-(4-methylpiperazin-1-yl)-10-oxo-4-oxa-1-azatricyclotrideca-5,7,9(13),11-tetraene-11-carboxylic acid",C[C@H]1COC=C(C(=CC2=C(C=CN1)C(=O)C(=C2)C(=O)O)F)N3CCN(C)CC3,1,361.368,<rdkit.Chem.rdchem.Mol object at 0x7a73e2562f10>
"5-[(E)-2-(4-hydroxyphenyl)ethenyl]benzene-1,3-diol",C(=C\C1=CC(=CC(=C1)O)O)/C2=CC=C(C=C2)O,0,228.243,<rdkit.Chem.rdchem.Mol object at 0x7a73e25630d0>
"2-(3,4-dihydroxyphenyl)-5,7-dihydroxy-4H-chromen-4-one",C1=CC(=C(C=C1C2=CC(=O)C3=C(C=C(C=C3O)O)O2)O)O,0,286.236,<rdkit.Chem.rdchem.Mol object at 0x7a73e2563290>
"(4S,4aS,5aS,6S,12aS)-4-(dimethylamino)-6,10,12,12a-tetrahydroxy-6-methyl-1,3,11-trioxo-1,2,3,4,4a,5,5a,6,11,12a-decahydrotetracene-2-carboxamide",C[C@]1(C2=CC=CC(=C2C(=O)C3=C([C@]4([C@@H](C[C@@H]31)[C@@H](C(=O)C(C4=O)C(=O)N)N(C)C)O)O)O)O,1,444.435,<rdkit.Chem.rdchem.Mol object at 0x7a73e25634c0>
"5-[(3,4,5-trimethoxyphenyl)methyl]pyrimidine-2,4-diamine",COC1=CC(=CC(=C1OC)OC)CC2=C(N)N=C(N)N=C2,0,290.318,<rdkit.Chem.rdchem.Mol object at 0x7a73e2563760>
"(2S,5R,6R)-6-[(2R)-2-amino-2-phenylacetamido]-3,3-dimethyl-7-oxo-4-thia-1-azabicyclo[3.2.0]heptane-2-carboxylic acid",CC1(C)[C@H](C(=O)O)N2C(=O)[C@H]([C@H]2S1)NC(=O)[C@@H](C3=CC=CC=C3)N,0,349.405,<rdkit.Chem.rdchem.Mol object at 0x7a73e2563920>
"(4S,4aR,5S,5aR,6R,12aS)-4-(dimethylamino)-5,10,12,12a-tetrahydroxy-6-methyl-1,3,11-trioxo-1,2,3,4,4a,5,5a,6,11,12a-decahydrotetracene-2-carboxamide",C[C@H]1C2=CC=CC(=C2C(=O)C3=C([C@@]4([C@H]([C@@H](C(=O)C(C4=O)C(=O)N)N(C)C)[C@H]([C@H]13)O)O)O)O,0,444.435,<rdkit.Chem.rdchem.Mol object at 0x7a73e2563b50>
"(2S,5R,6R)-3,3-dimethyl-7-oxo-6-(2-phenylacetamido)-4-thia-1-azabicyclo[3.2.0]heptane-2-carboxylic acid",CC1(C)[C@H](C(=O)O)N2C(=O)[C@H]([C@H]2S1)NC(=O)CC3=CC=CC=C3,0,334.39,<rdkit.Chem.rdchem.Mol object at 0x7a73e2563d10>
"(3R,4S,5S,6R,7R,9R,11R,12R,13S,14R)-6-[[(2S,3R,4S,6R)-4-(dimethylamino)-3-hydroxy-6-methyloxan-2-yl]oxy]-14-ethyl-7,12,13-trihydroxy-4-[[(2R,4R,5S,6S)-5-hydroxy-4-methoxy-4,6-dimethyloxan-2-yl]oxy]-3,5,7,9,11,13-hexamethyl-1-oxacyclotetradecane-2,10-dione",CC[C@@H]1[C@](C)([C@@H]([C@@H](C)C(=O)[C@H](C)C[C@](C)([C@@H]([C@@H](C)[C@@H]([C@@H](C)C(=O)O1)O[C@H]2C[C@](C)([C@H]([C@H](C)O2)O)OC)O[C@H]3[C@@H]([C@H](C[C@@H](C)O3)N(C)C)O)O)O)O,1,733.927,<rdkit.Chem.rdchem.Mol object at 0x7a73e2563ed0>
"(2R,3S,4R,5R,8R,10R,11R,12S,13S,14R)-11-[[(2S,3R,4S,6R)-4-(dimethylamino)-3-hydroxy-6-methyloxan-2-yl]oxy]-2-ethyl-3,4,10-trihydroxy-13-[[(2R,4R,5S,6S)-5-hydroxy-4-methoxy-4,6-dimethyloxan-2-yl]oxy]-3,5,6,8,10,12,14-heptamethyl-1-oxa-6-azacyclopentadecan-15-one",CC[C@@H]1[C@](C)([C@@H]([C@@H](C)N(C)C[C@H](C)C[C@](C)([C@@H]([C@@H](C)[C@@H]([C@@H](C)C(=O)O1)O[C@H]2C[C@](C)([C@H]([C@H](C)O2)O)OC)O[C@H]3[C@@H]([C@H](C[C@@H](C)O3)N(C)C)O)O)O)O,0,748.984,<rdkit.Chem.rdchem.Mol object at 0x7a73e2574120>
"(1R,3S,5R,8R,10R,11S,12S,13R,14S)-8,12,14-trihydroxy-5-methyl-11,13-bis(methylamino)-2,4,9-trioxatricyclotetradecan-7-one",C[C@@H]1CC(=O)[C@H](O)O[C@@H]([C@H]([C@@H]([C@@H]([C@H](O)O1)O)NC)O)NC,0,332.35,<rdkit.Chem.rdchem.Mol object at 0x7a73e25742e0>
"1-cyclopropyl-6-fluoro-4-oxo-7-(piperazin-1-yl)-1,4-dihydroquinoline-3-carboxylic acid",C1CC1N2C=C(C(=O)C3=C2C=C(C(=C3)F)N4CCNCC4)C(=O)O,0,331.342,<rdkit.Chem.rdchem.Mol object at 0x7a73e25744a0>
"disodium [5-[(Z)-2-(3,5-diiodo-4-methoxyphenyl)ethenyl]-2-methoxyphenoxy]phosphonic acid",COC1=CC=C(/C=C\C2=CC(=C(C(=C2)I)OC)I)C=C1OP(=O)(O)O.[Na+].[Na+],0,586.054,<rdkit.Chem.rdchem.Mol object at 0x7a73e2574660>